

DATA-FILE  WAWI1PTS.OUT


Name of run: WAWI1


Station=  WAGE , Soil=  1, Crop=  1,    Irr.=  1, IOPT=  1, Runof=0.00, CO2=370.

 Planting on day 274, 1969
 Crop emergence on day   0, 1969
 Wageningen, irrig.,winterwheat var.1, RUE=3.0                                   

 Crop PRODUCTION AND SOIL WATER STATUS
 =======================================
 DAY   WLVG    WLVD    WST    WSO     TAGB    TSUML   DVS     LAI  TRANRF  SMACT  TRAIN   TIRR  TTRANS   TESOIL    TDRAIN  TRUNOF   WTOT  WAVT   PARAB    PAR    NNI   NMINT    NMIN    NUPT    NFIX    NLIV    NLOSS   
 274     68.      0.     37.      0.    105.      0.   0.00   0.14   1.00   0.30      0.      0.      0.      0.      0.      0.     30.     10.     0.     0.   1.00      0.     30.      0.      0.      8.      0.
 279     68.      0.     37.      0.    105.      0.   0.00   0.14   1.00   0.31      2.      3.      0.      5.      0.      0.     31.     11.     0.    20.   1.00      0.     30.      0.      0.      8.      0.
 284     91.      0.     49.      0.    140.      0.   0.00   0.27   1.00   0.29      3.      3.      1.      7.      0.      0.     43.     14.     3.    43.   1.00      2.     26.      2.      0.     11.      0.
 294    154.      0.     83.      0.    237.      0.   0.00   0.68   1.00   0.29      4.      3.      1.      9.      0.      0.     78.     25.    11.    78.   1.00      2.     19.      9.      0.     18.      0.
 304    230.      0.    124.      0.    354.      0.   0.00   0.98   1.00   0.30     17.      3.      5.     15.      0.      0.    118.     40.    19.   100.   1.00      0.     11.     19.      0.     27.      0.
 314    257.      0.    138.      0.    395.      0.   0.00   1.04   1.00   0.34     44.      3.      7.     18.      0.      0.    175.     73.    26.   113.   1.00      3.      4.     23.      0.     31.      0.
 324    290.      0.    156.      0.    447.      0.   0.00   1.11   1.00   0.34     68.      3.     11.     23.      0.      0.    216.     91.    32.   127.   1.00      3.      0.     27.      0.     35.      0.
 334    301.      0.    162.      0.    462.      0.   0.00   1.13   1.00   0.35     77.      3.     12.     23.      0.      0.    261.    112.    37.   138.   1.00      2.      0.     28.      0.     37.      0.
 344    301.      0.    162.      0.    463.      0.   0.00   1.13   1.00   0.35     86.      3.     12.     23.      0.      0.    303.    130.    43.   150.   1.00      2.      0.     28.      0.     37.      0.
 354    301.      0.    162.      0.    463.      0.   0.00   1.13   1.00   0.35    101.      3.     12.     24.      6.      0.    346.    148.    47.   157.   1.00      2.      0.     28.      0.     37.      0.
 364    303.      0.    163.      0.    465.      0.   0.00   1.13   1.00   0.35    116.      3.     13.     24.     20.      0.    387.    166.    50.   164.   1.00      1.      0.     29.      0.     37.      0.
   9    303.      0.    163.      0.    465.      0.   0.00   1.13   1.00   0.35    123.      3.     14.     26.     24.      0.    429.    184.    55.   174.   1.00      1.      0.     29.      0.     37.      0.
  19    307.      0.    165.      0.    472.      0.   0.00   1.14   1.00   0.35    134.      3.     14.     26.     35.      0.    437.    187.    59.   181.   1.00      1.      0.     29.      0.     37.      0.
  29    310.      0.    167.      0.    477.      0.   0.00   1.15   1.00   0.35    158.      3.     14.     26.     59.      0.    437.    187.    63.   190.   1.00      1.      0.     29.      0.     38.      0.
  39    312.      0.    168.      0.    480.      0.   0.00   1.15   1.00   0.35    182.      3.     16.     28.     79.      0.    438.    187.    72.   208.   1.00      0.      0.     30.      0.     38.      0.
  49    315.      0.    169.      0.    484.      1.   0.00   1.16   1.00   0.35    208.      3.     17.     29.    103.      0.    438.    187.    85.   233.   1.00      0.      0.     30.      0.     38.      0.
  59    326.      0.    176.      0.    502.      6.   0.01   1.18   1.00   0.35    254.      3.     19.     32.    145.      0.    437.    187.    95.   252.   1.00     -1.      0.     31.      0.     40.      0.
  69    327.      0.    176.      0.    503.      8.   0.01   1.18   1.00   0.35    271.      3.     21.     34.    156.      0.    437.    187.   114.   290.   1.00     -1.      0.     31.      0.     40.      0.
  79    346.      0.    186.      0.    532.     18.   0.03   1.23   1.00   0.35    279.      3.     24.     38.    159.      0.    436.    186.   134.   329.   1.00     -2.      0.     32.      0.     41.      0.
  89    371.      0.    200.      0.    571.     39.   0.05   1.28   1.00   0.35    298.      3.     29.     43.    170.      0.    435.    185.   157.   373.   1.00     -5.      0.     35.      0.     44.      0.
  99    385.      0.    207.      0.    592.     57.   0.08   1.31   1.00   0.35    350.      3.     33.     49.    209.      0.    438.    187.   180.   416.   1.00     -6.      0.     36.      0.     44.      0.
 109    507.      0.    271.      0.    778.    109.   0.15   1.57   1.00   0.35    370.      3.     40.     56.    217.      0.    434.    184.   208.   465.   1.00    -14.      0.     44.      0.     52.      0.
 119    686.      0.    354.      0.   1041.    180.   0.25   1.95   1.00   0.35    399.      3.     49.     64.    227.      0.    438.    187.   242.   518.   1.00    -25.      0.     55.      0.     64.      0.
 129   1402.      0.    759.      0.   2161.    287.   0.40   3.46   1.00   0.34    407.      3.     66.     69.    228.      0.    422.    172.   303.   598.   1.00    -19.      0.     84.      0.     93.      0.
 139   2334.     89.   1824.      0.   4248.    433.   0.60   5.42   1.00   0.32    411.      3.     90.     71.    228.      0.    400.    150.   383.   685.   1.00    -57.      0.    122.      0.    130.      0.
 149   2546.    382.   3186.      0.   6114.    546.   0.76   5.82   1.00   0.31    419.      3.    115.     73.    228.      0.    383.    133.   459.   763.   1.00    -75.      0.    140.      0.    146.      2.
 159   2464.    714.   5590.      0.   8768.    695.   0.97   5.59   1.00   0.28    423.      3.    153.     74.    228.      0.    347.     97.   560.   868.   1.00    -91.      0.    156.      0.    162.      3.
 169   1875.   1302.   5859.   3026.  12063.    870.   1.16   4.25   1.00   0.30    431.     64.    192.     77.    228.      0.    374.    124.   671.   984.   1.00    -94.      0.    159.      0.    162.      5.
 179   1313.   1865.   5859.   5778.  14814.   1057.   1.36   2.98   1.00   0.27    438.     64.    227.     80.    228.      0.    343.     93.   762.  1087.   1.00   -102.      0.    167.      0.    168.      7.
 189    964.   2214.   5741.   6894.  15930.   1215.   1.53   2.19   1.00   0.29    488.     64.    245.     87.    228.      0.    367.    117.   808.  1146.   1.00   -102.      0.    167.      0.    166.      9.
 199    699.   2478.   4691.   7927.  16963.   1379.   1.70   1.59   1.00   0.31    542.     64.    264.     98.    228.      0.    391.    141.   863.  1227.   1.00   -102.      0.    167.      0.    162.     13.
 209    517.   2661.   3833.   8341.  17377.   1530.   1.86   1.17   1.00   0.32    570.     64.    276.    109.    228.      0.    396.    146.   896.  1285.   1.00   -102.      0.    167.      0.    159.     16.
 218    387.   2790.   3261.   8575.  17611.   1682.   2.02   0.88   1.00   0.31    576.     64.    286.    118.    228.      0.    382.    132.   931.  1361.   1.00   -102.      0.    167.      0.    157.     18.


DATA-FILE  WAWI1PTS.OUT


Name of run: WAWI1


Station=  WAGE , Soil=  1, Crop=  1,    Irr.=  1, IOPT=  1, Runof=0.00, CO2=370.

 Planting on day 274, 1970
 Crop emergence on day   0, 1970
 Wageningen, irrig.,winterwheat var.1, RUE=3.0                                   

 Crop PRODUCTION AND SOIL WATER STATUS
 =======================================
 DAY   WLVG    WLVD    WST    WSO     TAGB    TSUML   DVS     LAI  TRANRF  SMACT  TRAIN   TIRR  TTRANS   TESOIL    TDRAIN  TRUNOF   WTOT  WAVT   PARAB    PAR    NNI   NMINT    NMIN    NUPT    NFIX    NLIV    NLOSS   
 274     68.      0.     37.      0.    105.      0.   0.00   0.14   1.00   0.30      0.      0.      0.      0.      0.      0.     30.     10.     0.     0.   1.00      0.     30.      0.      0.      8.      0.
 279     68.      0.     37.      0.    105.      0.   0.00   0.14   1.00   0.35     23.      0.      0.      7.      0.      0.     35.     15.     0.    15.   1.00      0.     30.      0.      0.      8.      0.
 280     68.      0.     37.      0.    105.      0.   0.00   0.14   1.00   0.35     26.      0.      0.      8.      0.      0.     35.     15.     0.    16.   1.00      0.     30.      0.      0.      8.      0.
 284     76.      0.     41.      0.    117.      0.   0.00   0.20   1.00   0.33     26.      0.      1.      9.      0.      0.     45.     18.     1.    29.   1.00      2.     27.      1.      0.      9.      0.
 294    106.      0.     57.      0.    164.      0.   0.00   0.46   1.00   0.35     54.      0.      1.     13.      0.      0.     89.     38.     7.    61.   1.00      5.     20.      5.      0.     13.      0.
 304    137.      0.     74.      0.    211.      1.   0.00   0.78   1.00   0.35     86.      0.      2.     16.      5.      0.    132.     56.    12.    78.   1.00      9.     12.      9.      0.     17.      0.
 314    174.      0.     94.      0.    268.      1.   0.00   0.86   1.00   0.35    128.      0.      5.     21.     40.      0.    174.     74.    18.    93.   1.00     12.      4.     13.      0.     21.      0.
 324    201.      0.    108.      0.    309.      1.   0.00   0.92   1.00   0.35    155.      0.      7.     26.     59.      0.    216.     92.    23.   107.   1.00     14.      0.     16.      0.     24.      0.
 334    224.      0.    120.      0.    344.      1.   0.00   0.96   1.00   0.35    160.      0.      8.     26.     64.      0.    258.    110.    30.   122.   1.00     11.      0.     19.      0.     27.      0.
 344    237.      0.    128.      0.    365.      1.   0.00   0.99   1.00   0.35    204.      0.      8.     27.    106.      0.    300.    128.    33.   130.   1.00      9.      0.     21.      0.     29.      0.
 354    242.      0.    130.      0.    372.      1.   0.00   1.00   1.00   0.35    208.      0.      9.     28.    109.      0.    342.    146.    36.   136.   1.00      8.      0.     22.      0.     30.      0.
 364    242.      0.    131.      0.    373.      1.   0.00   1.00   1.00   0.35    213.      0.      9.     28.    113.      0.    383.    164.    41.   147.   1.00      8.      0.     22.      0.     30.      0.
   9    242.      0.    131.      0.    373.      1.   0.00   1.00   1.00   0.35    217.      0.      9.     28.    118.      0.    426.    182.    45.   157.   1.00      8.      0.     22.      0.     30.      0.
  19    243.      0.    131.      0.    374.      1.   0.00   1.00   1.00   0.35    223.      0.     10.     28.    123.      0.    438.    187.    51.   168.   1.00      8.      0.     22.      0.     30.      0.
  29    256.      0.    138.      0.    393.      1.   0.00   1.03   1.00   0.35    269.      0.     11.     31.    164.      0.    438.    187.    54.   177.   1.00      7.      0.     23.      0.     31.      0.
  39    267.      0.    144.      0.    410.      2.   0.00   1.05   1.00   0.35    279.      0.     13.     32.    171.      0.    438.    187.    60.   188.   1.00      5.      0.     25.      0.     33.      0.
  49    283.      0.    152.      0.    435.      5.   0.01   1.09   1.00   0.35    298.      0.     15.     34.    187.      0.    438.    187.    70.   210.   1.00      3.      0.     27.      0.     35.      0.
  59    297.      0.    160.      0.    456.     11.   0.01   1.12   1.00   0.35    306.      0.     17.     36.    194.      0.    435.    185.    83.   236.   1.00      2.      0.     28.      0.     36.      0.
  69    297.      0.    160.      0.    456.     11.   0.02   1.12   1.00   0.35    315.      0.     18.     38.    197.      0.    437.    187.   102.   275.   1.00      2.      0.     28.      0.     36.      0.
  79    344.      0.    185.      0.    529.     33.   0.05   1.22   1.00   0.35    339.      0.     23.     45.    209.      0.    438.    187.   121.   313.   1.00     -2.      0.     32.      0.     40.      0.
  89    371.      0.    200.      0.    571.     57.   0.08   1.28   1.00   0.35    346.      0.     27.     49.    210.      0.    435.    185.   140.   350.   1.00     -5.      0.     35.      0.     43.      0.
  99    453.      0.    243.      0.    696.    100.   0.14   1.45   1.00   0.34    346.      0.     33.     51.    210.      0.    428.    178.   167.   398.   1.00    -11.      0.     41.      0.     49.      0.
 109    834.      0.    426.      0.   1260.    161.   0.22   2.26   1.00   0.33    351.      0.     45.     53.    210.      0.    418.    168.   219.   479.   1.00    -36.      0.     66.      0.     74.      0.
 119   1217.      0.    603.      0.   1820.    238.   0.33   3.07   1.00   0.33    366.      0.     62.     57.    210.      0.    412.    162.   275.   548.   1.00    -59.      0.     89.      0.     97.      0.
 129   1762.      0.   1000.      0.   2762.    337.   0.47   4.22   1.00   0.30    366.      0.     89.     61.    210.      0.    381.    131.   370.   659.   1.00    -39.      0.    104.      0.    113.      0.
 139   2505.    188.   2312.      0.   5004.    491.   0.68   5.76   1.00   0.32    415.      0.    115.     64.    210.      0.    401.    151.   453.   746.   1.00    -70.      0.    135.      0.    142.      1.
 149   2526.    546.   3936.      0.   7008.    627.   0.87   5.75   1.00   0.32    434.      0.    139.     65.    210.      0.    395.    145.   527.   823.   1.00    -84.      0.    149.      0.    155.      2.
 159   2128.   1013.   5753.   1175.  10068.    786.   1.07   4.83   1.00   0.28    434.      0.    176.     67.    210.      0.    356.    106.   631.   931.   1.00    -95.      0.    160.      0.    164.      4.
 169   1627.   1514.   5753.   2800.  11693.    920.   1.21   3.69   1.00   0.30    480.      0.    197.     70.    210.      0.    378.    128.   688.   993.   1.00    -99.      0.    164.      0.    166.      6.
 179   1225.   1916.   5753.   4661.  13554.   1061.   1.36   2.78   1.00   0.31    520.      0.    221.     75.    210.      0.    390.    140.   752.  1067.   1.00   -104.      0.    169.      0.    169.      8.
 189    897.   2243.   5638.   6642.  15535.   1220.   1.53   2.04   1.00   0.30    533.      0.    245.     81.    210.      0.    372.    122.   830.  1169.   1.00   -104.      0.    169.      0.    168.     10.
 199    643.   2498.   4606.   7911.  16804.   1394.   1.71   1.46   1.00   0.28    533.      0.    267.     87.    210.      0.    345.     95.   898.  1274.   1.00   -104.      0.    169.      0.    164.     13.
 209    468.   2673.   3764.   8378.  17271.   1558.   1.88   1.06   1.00   0.28    559.      0.    278.     99.    210.      0.    348.     98.   936.  1344.   1.00   -104.      0.    169.      0.    161.     16.
 216    379.   2762.   3334.   8511.  17404.   1669.   2.00   0.86   1.00   0.27    565.      0.    285.    105.    210.      0.    340.     90.   958.  1394.   1.00   -104.      0.    169.      0.    159.     18.


DATA-FILE  WAWI1PTS.OUT


Name of run: WAWI1


Station=  WAGE , Soil=  1, Crop=  1,    Irr.=  1, IOPT=  1, Runof=0.00, CO2=370.

 Planting on day 274, 1971
 Crop emergence on day   0, 1971
 Wageningen, irrig.,winterwheat var.1, RUE=3.0                                   

 Crop PRODUCTION AND SOIL WATER STATUS
 =======================================
 DAY   WLVG    WLVD    WST    WSO     TAGB    TSUML   DVS     LAI  TRANRF  SMACT  TRAIN   TIRR  TTRANS   TESOIL    TDRAIN  TRUNOF   WTOT  WAVT   PARAB    PAR    NNI   NMINT    NMIN    NUPT    NFIX    NLIV    NLOSS   
 274     68.      0.     37.      0.    105.      0.   0.00   0.14   1.00   0.30      0.      0.      0.      0.      0.      0.     30.     10.     0.     0.   1.00      0.     30.      0.      0.      8.      0.
 279     68.      0.     37.      0.    105.      0.   0.00   0.14   1.00   0.27      0.      0.      0.      2.      0.      0.     27.      7.     0.    25.   1.00      0.     30.      0.      0.      8.      0.
 284     80.      0.     43.      0.    123.      0.   0.00   0.23   1.00   0.27      0.      0.      1.      4.      0.      0.     40.     11.     2.    46.   1.00      2.     26.      2.      0.     10.      0.
 294    112.      0.     60.      0.    172.      0.   0.00   0.52   1.00   0.34     23.      0.      2.     10.      0.      0.     91.     38.     8.    78.   1.00      6.     19.      5.      0.     13.      0.
 304    189.      0.    102.      0.    291.      0.   0.00   0.89   1.00   0.32     23.      0.      4.     12.      0.      0.    124.     46.    20.   110.   1.00      3.     11.     15.      0.     23.      0.
 314    228.      0.    123.      0.    351.      1.   0.00   0.97   1.00   0.33     33.      0.      5.     14.      0.      0.    166.     64.    27.   128.   1.00      7.      4.     20.      0.     28.      0.
 324    237.      0.    128.      0.    365.      1.   0.00   0.99   1.00   0.35     53.      0.      7.     16.      0.      0.    218.     93.    33.   142.   1.00      9.      0.     21.      0.     30.      0.
 334    242.      0.    130.      0.    372.      1.   0.00   1.00   1.00   0.35     81.      0.      8.     17.      0.      0.    262.    112.    37.   150.   1.00      8.      0.     22.      0.     30.      0.
 344    247.      0.    133.      0.    380.      1.   0.00   1.01   1.00   0.35     88.      0.      8.     17.      0.      0.    304.    130.    41.   159.   1.00      7.      0.     23.      0.     31.      0.
 354    257.      0.    138.      0.    395.      1.   0.00   1.03   1.00   0.35     94.      0.      9.     18.      5.      0.    346.    148.    44.   165.   1.00      6.      0.     24.      0.     32.      0.
 364    269.      0.    145.      0.    413.      1.   0.00   1.06   1.00   0.35    111.      0.      9.     18.     21.      0.    388.    166.    49.   175.   1.00      5.      0.     25.      0.     33.      0.
   9    270.      0.    145.      0.    415.      1.   0.00   1.06   1.00   0.35    111.      0.     10.     18.     21.      0.    429.    184.    52.   182.   1.00      5.      0.     25.      0.     33.      0.
  19    272.      0.    147.      0.    419.      1.   0.00   1.07   1.00   0.35    116.      0.     11.     19.     25.      0.    436.    186.    57.   192.   1.00      4.      0.     26.      0.     34.      0.
  29    272.      0.    147.      0.    419.      1.   0.00   1.07   1.00   0.35    142.      0.     12.     20.     48.      0.    437.    187.    62.   204.   1.00      4.      0.     26.      0.     34.      0.
  39    283.      0.    152.      0.    435.      1.   0.00   1.09   1.00   0.35    156.      0.     14.     22.     57.      0.    438.    188.    71.   223.   1.00      3.      0.     27.      0.     35.      0.
  49    303.      0.    163.      0.    466.      4.   0.01   1.13   1.00   0.35    168.      0.     16.     24.     66.      0.    436.    186.    82.   245.   1.00      1.      0.     29.      0.     37.      0.
  59    327.      0.    176.      0.    503.     11.   0.02   1.18   1.00   0.35    170.      0.     18.     25.     66.      0.    436.    186.    91.   264.   1.00     -2.      0.     32.      0.     40.      0.
  69    395.      0.    213.      0.    607.     28.   0.04   1.33   1.00   0.35    179.      0.     23.     29.     66.      0.    436.    186.   112.   303.   1.00     -8.      0.     38.      0.     46.      0.
  79    482.      0.    259.      0.    741.     52.   0.07   1.51   1.00   0.34    186.      0.     30.     33.     71.      0.    427.    177.   144.   360.   1.00    -17.      0.     47.      0.     55.      0.
  89    536.      0.    288.      0.    824.     89.   0.12   1.63   1.00   0.35    209.      0.     38.     37.     72.      0.    438.    188.   178.   417.   1.00    -21.      0.     51.      0.     59.      0.
  99    696.      0.    367.      0.   1063.    145.   0.20   1.97   1.00   0.35    252.      0.     46.     44.     99.      0.    438.    188.   201.   452.   1.00    -29.      0.     59.      0.     68.      0.
 109    917.      0.    466.      0.   1383.    198.   0.27   2.43   1.00   0.35    291.      0.     56.     50.    126.      0.    434.    184.   246.   514.   1.00    -40.      0.     70.      0.     78.      0.
 119   1199.      0.    615.      0.   1813.    249.   0.35   3.03   1.00   0.34    301.      0.     70.     54.    128.      0.    424.    174.   305.   587.   1.00    -54.      0.     84.      0.     92.      0.
 129   1977.      8.   1236.      0.   3220.    361.   0.50   4.68   1.00   0.33    313.      0.     89.     58.    128.      0.    413.    163.   369.   659.   1.00    -46.      0.    111.      0.    120.      0.
 139   2270.    189.   1880.      0.   4339.    458.   0.64   5.26   1.00   0.35    368.      0.    105.     60.    141.      0.    438.    188.   422.   715.   1.00    -65.      0.    130.      0.    137.      1.
 149   2523.    480.   3636.      0.   6638.    588.   0.82   5.75   1.00   0.35    395.      0.    135.     62.    141.      0.    431.    181.   509.   806.   1.00    -82.      0.    147.      0.    153.      2.
 159   2334.    768.   5125.     60.   8287.    718.   1.00   5.30   1.00   0.35    422.      0.    160.     64.    141.      0.    432.    182.   573.   872.   1.00    -87.      0.    152.      0.    158.      3.
 169   1840.   1262.   5141.   2634.  10877.    844.   1.13   4.18   1.00   0.34    439.      0.    187.     67.    141.      0.    419.    169.   662.   966.   1.00    -89.      0.    154.      0.    157.      5.
 179   1391.   1711.   5141.   4677.  12920.    984.   1.28   3.16   1.00   0.34    474.      0.    212.     71.    141.      0.    425.    175.   731.  1043.   1.00    -98.      0.    163.      0.    165.      7.
 189   1021.   2081.   5141.   6146.  14389.   1142.   1.45   2.32   1.00   0.34    509.      0.    231.     77.    148.      0.    428.    178.   783.  1108.   1.00    -99.      0.    164.      0.    164.      9.
 199    751.   2350.   4555.   7653.  15896.   1295.   1.61   1.71   1.00   0.33    521.      0.    250.     85.    148.      0.    412.    162.   853.  1208.   1.00    -99.      0.    164.      0.    161.     11.
 209    510.   2591.   3721.   8373.  16616.   1505.   1.83   1.16   1.00   0.33    541.      0.    267.     94.    148.      0.    406.    156.   899.  1288.   1.00    -99.      0.    164.      0.    158.     15.
 219    372.   2729.   3041.   8579.  16822.   1663.   2.00   0.85   1.00   0.34    595.      0.    275.    105.    164.      0.    425.    175.   927.  1348.   1.00    -99.      0.    164.      0.    156.     17.
 221    360.   2742.   2980.   8596.  16839.   1682.   2.02   0.82   1.00   0.34    595.      0.    276.    106.    164.      0.    423.    173.   931.  1359.   1.00    -99.      0.    164.      0.    155.     17.


DATA-FILE  WAWI1PTS.OUT


Name of run: WAWI1


Station=  WAGE , Soil=  1, Crop=  1,    Irr.=  1, IOPT=  1, Runof=0.00, CO2=370.

 Planting on day 274, 1972
 Crop emergence on day   0, 1972
 Wageningen, irrig.,winterwheat var.1, RUE=3.0                                   

 Crop PRODUCTION AND SOIL WATER STATUS
 =======================================
 DAY   WLVG    WLVD    WST    WSO     TAGB    TSUML   DVS     LAI  TRANRF  SMACT  TRAIN   TIRR  TTRANS   TESOIL    TDRAIN  TRUNOF   WTOT  WAVT   PARAB    PAR    NNI   NMINT    NMIN    NUPT    NFIX    NLIV    NLOSS   
 274     68.      0.     37.      0.    105.      0.   0.00   0.14   1.00   0.30      0.      0.      0.      0.      0.      0.     30.     10.     0.     0.   1.00      0.     30.      0.      0.      8.      0.
 279     68.      0.     37.      0.    105.      0.   0.00   0.14   1.00   0.27      0.      0.      0.      3.      0.      0.     27.      7.     0.    29.   1.00      0.     30.      0.      0.      8.      0.
 281     68.      0.     37.      0.    105.      0.   0.00   0.14   1.00   0.25      0.      0.      1.      4.      0.      0.     25.      5.     0.    41.   1.00      0.     30.      0.      0.      8.      0.
 284     75.      0.     40.      0.    115.      0.   0.00   0.19   1.00   0.26      0.      0.      1.      5.      0.      0.     32.      7.     1.    53.   1.00      1.     28.      1.      0.      9.      0.
 294     91.      0.     49.      0.    140.      0.   0.00   0.34   1.00   0.27      1.      0.      1.      6.      0.      0.     66.     18.     6.    88.   1.00      6.     20.      3.      0.     11.      0.
 304    129.      0.     69.      0.    198.      2.   0.00   0.68   1.00   0.33     23.      0.      2.      9.      0.      0.    121.     48.    13.   115.   1.00     10.     13.      7.      0.     15.      0.
 314    150.      0.     81.      0.    231.      2.   0.00   0.82   1.00   0.34     34.      0.      3.     10.      0.      0.    166.     69.    17.   125.   1.00     15.      5.     10.      0.     18.      0.
 324    169.      0.     91.      0.    260.      2.   0.00   0.86   1.00   0.35     72.      0.      4.     14.      0.      0.    211.     90.    23.   142.   1.00     17.      0.     13.      0.     21.      0.
 334    179.      0.     96.      0.    275.      2.   0.00   0.88   1.00   0.35     99.      0.      5.     15.     17.      0.    253.    108.    29.   156.   1.00     16.      0.     14.      0.     22.      0.
 344    202.      0.    109.      0.    311.      2.   0.00   0.93   1.00   0.35    112.      0.      7.     17.     26.      0.    295.    126.    34.   169.   1.00     13.      0.     17.      0.     25.      0.
 354    213.      0.    115.      0.    327.      2.   0.00   0.95   1.00   0.35    121.      0.      7.     17.     35.      0.    337.    144.    39.   180.   1.00     12.      0.     18.      0.     26.      0.
 364    213.      0.    115.      0.    328.      2.   0.00   0.95   1.00   0.35    121.      0.      8.     18.     35.      0.    377.    160.    43.   190.   1.00     12.      0.     18.      0.     26.      0.
   9    214.      0.    115.      0.    329.      2.   0.00   0.95   1.00   0.35    122.      0.      8.     18.     35.      0.    420.    179.    47.   200.   1.00     12.      0.     18.      0.     26.      0.
  19    218.      0.    117.      0.    335.      2.   0.00   0.96   1.00   0.35    123.      0.      9.     18.     35.      0.    437.    187.    52.   210.   1.00     11.      0.     19.      0.     27.      0.
  29    224.      0.    121.      0.    345.      2.   0.00   0.97   1.00   0.35    141.      0.     10.     19.     49.      0.    438.    187.    57.   222.   1.00     11.      0.     19.      0.     27.      0.
  39    234.      0.    126.      0.    361.      2.   0.00   0.99   1.00   0.35    151.      0.     11.     21.     58.      0.    438.    187.    63.   235.   1.00      9.      0.     21.      0.     29.      0.
  49    240.      0.    129.      0.    369.      4.   0.01   1.01   1.00   0.35    197.      0.     12.     23.     99.      0.    438.    187.    72.   254.   1.00      9.      0.     21.      0.     30.      0.
  59    245.      0.    132.      0.    377.      9.   0.01   1.02   1.00   0.35    216.      0.     14.     25.    115.      0.    437.    187.    85.   282.   1.00      8.      0.     22.      0.     30.      0.
  69    277.      0.    149.      0.    426.     23.   0.03   1.08   1.00   0.35    231.      0.     16.     29.    124.      0.    436.    186.   101.   317.   1.00      5.      0.     25.      0.     33.      0.
  79    291.      0.    157.      0.    448.     37.   0.05   1.11   1.00   0.35    233.      0.     19.     32.    124.      0.    433.    183.   125.   368.   1.00      4.      0.     26.      0.     34.      0.
  89    324.      0.    174.      0.    498.     70.   0.10   1.18   1.00   0.35    240.      0.     24.     35.    124.      0.    432.    182.   149.   416.   1.00      2.      0.     28.      0.     36.      0.
  99    364.      0.    195.      0.    560.    103.   0.14   1.27   1.00   0.35    288.      0.     30.     43.    153.      0.    437.    187.   176.   469.   1.00     -1.      0.     31.      0.     40.      0.
 109    454.      0.    239.      0.    692.    137.   0.19   1.46   1.00   0.35    305.      0.     36.     50.    155.      0.    438.    187.   211.   532.   1.00     -7.      0.     37.      0.     45.      0.
 119    730.      0.    361.      0.   1091.    196.   0.27   2.04   1.00   0.35    316.      0.     47.     57.    156.      0.    432.    182.   262.   614.   1.00    -25.      0.     55.      0.     63.      0.
 129   1213.      0.    652.      0.   1865.    293.   0.41   3.07   1.00   0.35    342.      0.     60.     63.    159.      0.    435.    185.   306.   672.   1.00     -8.      0.     73.      0.     81.      0.
 139   1814.      1.   1217.      0.   3032.    389.   0.54   4.34   1.00   0.33    352.      0.     83.     67.    159.      0.    418.    168.   388.   765.   1.00    -30.      0.     95.      0.    104.      0.
 149   2459.    171.   3014.      0.   5644.    540.   0.75   5.67   1.00   0.32    367.      0.    114.     70.    159.      0.    398.    148.   483.   864.   1.00    -61.      0.    126.      0.    134.      1.
 159   2355.    450.   4764.      0.   7570.    669.   0.93   5.40   1.00   0.32    393.      0.    138.     71.    159.      0.    399.    149.   557.   941.   1.00    -73.      0.    138.      0.    144.      2.
 169   1914.    896.   5351.   2172.  10333.    814.   1.10   4.39   1.00   0.29    393.      0.    169.     72.    159.      0.    367.    117.   654.  1043.   1.00    -76.      0.    141.      0.    146.      4.
 179   1338.   1473.   5351.   5399.  13560.   1003.   1.30   3.07   1.00   0.31    393.     60.    208.     78.    159.      0.    384.    134.   760.  1163.   1.00    -87.      0.    152.      0.    154.      6.
 189    921.   1889.   5351.   7707.  15867.   1203.   1.51   2.11   1.00   0.29    406.     60.    238.     86.    159.      0.    359.    109.   846.  1270.   1.00    -87.      0.    152.      0.    153.      8.
 199    662.   2148.   4372.   8888.  17049.   1372.   1.69   1.52   1.00   0.28    430.     60.    257.     96.    159.      0.    353.    103.   905.  1359.   1.00    -87.      0.    152.      0.    149.     11.
 209    489.   2322.   3572.   9313.  17474.   1524.   1.85   1.12   1.00   0.28    456.     60.    269.    110.    159.      0.    354.    104.   937.  1417.   1.00    -87.      0.    152.      0.    146.     14.
 219    360.   2450.   2978.   9508.  17669.   1682.   2.02   0.83   1.00   0.28    475.     60.    277.    122.    159.      0.    352.    102.   964.  1476.   1.00    -87.      0.    152.      0.    144.     16.


DATA-FILE  WAWI1PTS.OUT


Name of run: WAWI1


Station=  WAGE , Soil=  1, Crop=  1,    Irr.=  1, IOPT=  1, Runof=0.00, CO2=370.

 Planting on day 274, 1973
 Crop emergence on day   0, 1973
 Wageningen, irrig.,winterwheat var.1, RUE=3.0                                   

 Crop PRODUCTION AND SOIL WATER STATUS
 =======================================
 DAY   WLVG    WLVD    WST    WSO     TAGB    TSUML   DVS     LAI  TRANRF  SMACT  TRAIN   TIRR  TTRANS   TESOIL    TDRAIN  TRUNOF   WTOT  WAVT   PARAB    PAR    NNI   NMINT    NMIN    NUPT    NFIX    NLIV    NLOSS   
 274     68.      0.     37.      0.    105.      0.   0.00   0.14   1.00   0.30      0.      0.      0.      0.      0.      0.     30.     10.     0.     0.   1.00      0.     30.      0.      0.      8.      0.
 280     68.      0.     37.      0.    105.      0.   0.00   0.14   1.00   0.27      0.      0.      0.      3.      0.      0.     27.      7.     0.    34.   1.00      0.     30.      0.      0.      8.      0.
 284     75.      0.     40.      0.    115.      0.   0.00   0.22   1.00   0.35     20.      0.      1.      5.      0.      0.     47.     20.     1.    41.   1.00      2.     27.      1.      0.      9.      0.
 294     86.      0.     46.      0.    132.      0.   0.00   0.37   1.00   0.35     80.      0.      1.     10.      7.      0.     90.     38.     5.    68.   1.00      8.     20.      2.      0.     10.      0.
 304    116.      0.     63.      0.    179.      1.   0.00   0.68   1.00   0.35     86.      0.      2.     12.     10.      0.    131.     56.    13.    99.   1.00     12.     12.      6.      0.     14.      0.
 314    158.      0.     85.      0.    243.      1.   0.00   0.84   1.00   0.35    105.      0.      3.     14.     26.      0.    173.     73.    20.   119.   1.00     15.      4.     11.      0.     19.      0.
 324    183.      0.     99.      0.    282.      1.   0.00   0.90   1.00   0.35    139.      0.      5.     17.     55.      0.    216.     92.    27.   137.   1.00     16.      0.     14.      0.     23.      0.
 334    188.      0.    101.      0.    289.      1.   0.00   0.91   1.00   0.35    164.      0.      5.     17.     79.      0.    258.    110.    34.   153.   1.00     15.      0.     15.      0.     23.      0.
 344    193.      0.    104.      0.    297.      1.   0.00   0.92   1.00   0.35    193.      0.      5.     18.    107.      0.    300.    128.    39.   166.   1.00     14.      0.     16.      0.     24.      0.
 354    196.      0.    105.      0.    301.      1.   0.00   0.92   1.00   0.35    222.      0.      6.     20.    134.      0.    341.    146.    44.   176.   1.00     14.      0.     16.      0.     24.      0.
 364    201.      0.    108.      0.    309.      1.   0.00   0.93   1.00   0.35    228.      0.      7.     20.    138.      0.    383.    164.    46.   182.   1.00     14.      0.     16.      0.     25.      0.
   9    207.      0.    111.      0.    318.      1.   0.00   0.95   1.00   0.35    242.      0.      8.     22.    149.      0.    426.    182.    50.   192.   1.00     13.      0.     17.      0.     25.      0.
  19    223.      0.    120.      0.    343.      1.   0.00   0.98   1.00   0.35    272.      0.     11.     27.    172.      0.    437.    187.    54.   200.   1.00     11.      0.     19.      0.     27.      0.
  29    237.      0.    127.      0.    364.      1.   0.00   1.01   1.00   0.35    285.      0.     13.     29.    180.      0.    438.    187.    59.   210.   1.00      9.      0.     21.      0.     29.      0.
  39    252.      0.    136.      0.    388.      1.   0.00   1.04   1.00   0.35    293.      0.     15.     31.    185.      0.    438.    187.    66.   227.   1.00      7.      0.     23.      0.     31.      0.
  49    297.      0.    160.      0.    458.      7.   0.01   1.14   1.00   0.35    313.      0.     19.     36.    200.      0.    433.    183.    78.   251.   1.00      2.      0.     28.      0.     36.      0.
  59    304.      0.    163.      0.    467.     12.   0.02   1.15   1.00   0.35    316.      0.     21.     36.    200.      0.    434.    184.    93.   282.   1.00      1.      0.     29.      0.     37.      0.
  69    304.      0.    164.      0.    468.     17.   0.02   1.15   1.00   0.35    335.      0.     23.     39.    213.      0.    435.    185.   107.   309.   1.00      1.      0.     29.      0.     37.      0.
  79    348.      0.    187.      0.    536.     38.   0.05   1.25   1.00   0.35    364.      0.     28.     44.    230.      0.    437.    187.   124.   344.   1.00     -2.      0.     32.      0.     40.      0.
  89    493.      0.    265.      0.    758.     81.   0.11   1.55   1.00   0.34    372.      0.     33.     49.    236.      0.    430.    180.   152.   394.   1.00    -15.      0.     45.      0.     54.      0.
  99    981.      0.    503.      0.   1483.    150.   0.21   2.59   1.00   0.33    372.      0.     46.     51.    236.      0.    414.    164.   207.   476.   1.00    -48.      0.     78.      0.     86.      0.
 109   1171.      0.    587.      0.   1758.    207.   0.29   2.99   1.00   0.32    372.      0.     61.     53.    236.      0.    397.    147.   282.   568.   1.00    -65.      0.     95.      0.    104.      0.
 119   1324.      0.    676.      0.   2000.    258.   0.36   3.31   1.00   0.31    378.      0.     76.     55.    236.      0.    386.    136.   350.   649.   1.00    -65.      0.     95.      0.    104.      0.
 129   1701.      1.    953.      0.   2654.    337.   0.47   4.11   1.00   0.30    382.      0.     90.     57.    236.      0.    375.    125.   395.   699.   1.00    -43.      0.    108.      0.    116.      0.
 139   2503.    138.   2237.      0.   4879.    466.   0.65   5.78   1.00   0.30    415.      0.    118.     59.    236.      0.    377.    127.   482.   792.   1.00    -74.      0.    139.      0.    147.      1.
 149   2627.    518.   4085.      0.   7230.    595.   0.83   5.98   1.00   0.29    426.      0.    146.     60.    236.      0.    359.    109.   570.   882.   1.00    -92.      0.    157.      0.    163.      2.
 159   2392.    849.   5825.    138.   9203.    710.   0.99   5.43   1.00   0.27    440.      0.    176.     62.    236.      0.    341.     91.   668.   983.   1.00   -101.      0.    166.      0.    171.      4.
 169   1825.   1415.   5841.   2720.  11802.    854.   1.14   4.14   1.00   0.28    483.      0.    205.     65.    236.      0.    353.    103.   762.  1082.   1.00   -102.      0.    167.      0.    170.      6.
 179   1335.   1906.   5841.   5343.  14425.   1011.   1.31   3.03   1.00   0.29    498.     30.    231.     69.    236.      0.    367.    117.   849.  1180.   1.00   -114.      0.    179.      0.    180.      8.
 189    992.   2249.   5841.   6939.  16021.   1159.   1.46   2.25   1.00   0.31    540.     30.    249.     76.    236.      0.    384.    134.   907.  1253.   1.00   -114.      0.    179.      0.    178.      9.
 199    728.   2512.   5071.   8056.  17138.   1313.   1.62   1.65   1.00   0.30    555.     30.    266.     85.    236.      0.    374.    124.   958.  1327.   1.00   -114.      0.    179.      0.    175.     12.
 209    548.   2693.   4143.   8760.  17842.   1455.   1.77   1.24   1.00   0.29    567.     30.    279.     94.    236.      0.    364.    114.  1002.  1402.   1.00   -114.      0.    179.      0.    172.     16.
 219    404.   2837.   3385.   9091.  18173.   1610.   1.94   0.92   1.00   0.28    576.     30.    289.    102.    236.      0.    355.    105.  1036.  1473.   1.00   -114.      0.    179.      0.    169.     18.
 224    356.   2885.   3123.   9160.  18242.   1674.   2.00   0.81   1.00   0.30    606.     30.    292.    108.    236.      0.    375.    125.  1049.  1503.   1.00   -114.      0.    179.      0.    168.     19.


DATA-FILE  WAWI1PTS.OUT


Name of run: WAWI1


Station=  WAGE , Soil=  1, Crop=  1,    Irr.=  1, IOPT=  1, Runof=0.00, CO2=370.

 Planting on day 274, 1974
 Crop emergence on day   0, 1974
 Wageningen, irrig.,winterwheat var.1, RUE=3.0                                   

 Crop PRODUCTION AND SOIL WATER STATUS
 =======================================
 DAY   WLVG    WLVD    WST    WSO     TAGB    TSUML   DVS     LAI  TRANRF  SMACT  TRAIN   TIRR  TTRANS   TESOIL    TDRAIN  TRUNOF   WTOT  WAVT   PARAB    PAR    NNI   NMINT    NMIN    NUPT    NFIX    NLIV    NLOSS   
 274     68.      0.     37.      0.    105.      0.   0.00   0.14   1.00   0.30      0.      0.      0.      0.      0.      0.     30.     10.     0.     0.   1.00      0.     30.      0.      0.      8.      0.
 280     68.      0.     37.      0.    105.      0.   0.00   0.14   1.00   0.35     20.      0.      0.      4.      0.      0.     35.     15.     0.    24.   1.00      0.     30.      0.      0.      8.      0.
 283     68.      0.     37.      0.    105.      0.   0.00   0.14   1.00   0.35     27.      0.      0.      6.      0.      0.     35.     15.     0.    32.   1.00      0.     30.      0.      0.      8.      0.
 284     71.      0.     38.      0.    109.      0.   0.00   0.15   1.00   0.35     27.      0.      0.      6.      0.      0.     35.     15.     0.    37.   1.00      0.     29.      0.      0.      9.      0.
 294     81.      0.     44.      0.    125.      0.   0.00   0.26   1.00   0.35     47.      0.      1.     10.      0.      0.     77.     33.     4.    70.   1.00      6.     22.      2.      0.     10.      0.
 304     98.      0.     53.      0.    150.      2.   0.00   0.46   1.00   0.35    114.      0.      2.     16.     34.      0.    119.     51.     8.    91.   1.00     12.     14.      4.      0.     12.      0.
 314    100.      0.     54.      0.    154.      2.   0.00   0.64   1.00   0.35    130.      0.      2.     18.     46.      0.    161.     69.    13.   108.   1.00     19.      7.      4.      0.     12.      0.
 324    123.      0.     66.      0.    190.      2.   0.00   0.81   1.00   0.35    161.      0.      5.     25.     68.      0.    203.     87.    17.   120.   1.00     23.      0.      7.      0.     15.      0.
 334    141.      0.     76.      0.    217.      2.   0.00   0.84   1.00   0.35    205.      0.      7.     29.    107.      0.    245.    105.    21.   131.   1.00     21.      0.      9.      0.     17.      0.
 344    150.      0.     81.      0.    231.      2.   0.00   0.86   1.00   0.35    229.      0.     10.     33.    124.      0.    287.    123.    23.   135.   1.00     20.      0.     10.      0.     18.      0.
 354    157.      0.     84.      0.    241.      2.   0.00   0.88   1.00   0.35    275.      0.     12.     38.    163.      0.    329.    141.    26.   143.   1.00     19.      0.     11.      0.     19.      0.
 364    176.      0.     95.      0.    271.      2.   0.00   0.92   1.00   0.35    319.      0.     16.     44.    196.      0.    371.    159.    29.   151.   1.00     17.      0.     13.      0.     21.      0.
   9    186.      0.    100.      0.    286.      2.   0.00   0.94   1.00   0.35    346.      0.     18.     46.    219.      0.    413.    177.    33.   160.   1.00     15.      0.     15.      0.     23.      0.
  19    209.      0.    112.      0.    321.      2.   0.00   0.99   1.00   0.35    361.      0.     21.     50.    227.      0.    438.    187.    38.   170.   1.00     13.      0.     17.      0.     25.      0.
  29    223.      0.    120.      0.    343.      2.   0.00   1.02   1.00   0.35    403.      0.     24.     54.    262.      0.    438.    187.    44.   184.   1.00     11.      0.     19.      0.     27.      0.
  39    246.      0.    132.      0.    378.      2.   0.00   1.06   1.00   0.35    414.      0.     25.     56.    272.      0.    436.    186.    55.   208.   1.00      8.      0.     22.      0.     30.      0.
  49    250.      0.    135.      0.    384.      4.   0.01   1.07   1.00   0.35    428.      0.     27.     58.    280.      0.    438.    187.    67.   232.   1.00      7.      0.     23.      0.     31.      0.
  59    260.      0.    140.      0.    399.     11.   0.01   1.09   1.00   0.35    433.      0.     30.     60.    285.      0.    434.    184.    87.   274.   1.00      7.      0.     23.      0.     32.      0.
  69    311.      0.    167.      0.    478.     31.   0.04   1.20   1.00   0.35    455.      0.     33.     64.    295.      0.    438.    187.   101.   303.   1.00      2.      0.     28.      0.     36.      0.
  79    322.      0.    173.      0.    495.     45.   0.06   1.23   1.00   0.35    474.      0.     36.     67.    310.      0.    438.    187.   112.   324.   1.00      0.      0.     30.      0.     38.      0.
  89    324.      0.    175.      0.    499.     61.   0.09   1.23   1.00   0.35    510.      0.     40.     72.    336.      0.    438.    187.   135.   369.   1.00      0.      0.     30.      0.     38.      0.
  99    333.      0.    179.      0.    512.     78.   0.11   1.25   1.00   0.35    527.      0.     44.     78.    343.      0.    438.    187.   162.   420.   1.00      0.      0.     30.      0.     38.      0.
 109    395.      0.    211.      0.    606.    125.   0.17   1.38   1.00   0.35    553.      0.     48.     84.    359.      0.    437.    187.   182.   457.   1.00     -1.      0.     31.      0.     40.      0.
 119    772.      0.    382.      0.   1155.    208.   0.29   2.18   1.00   0.34    558.      0.     57.     88.    361.      0.    427.    177.   226.   527.   1.00    -23.      0.     53.      0.     61.      0.
 129   1483.      0.    820.      0.   2303.    305.   0.42   3.69   1.00   0.35    589.      0.     74.     96.    363.      0.    432.    182.   293.   610.   1.00    -22.      0.     87.      0.     96.      0.
 139   2219.     69.   1651.      0.   3939.    422.   0.59   5.23   1.00   0.34    608.      0.     92.     98.    364.      0.    429.    179.   366.   689.   1.00    -53.      0.    118.      0.    126.      0.
 149   2563.    343.   3109.      0.   6015.    527.   0.73   5.90   1.00   0.32    608.      0.    120.     99.    364.      0.    401.    151.   461.   787.   1.00    -72.      0.    137.      0.    144.      2.
 159   2479.    672.   4510.      0.   7662.    624.   0.87   5.67   1.00   0.31    626.      0.    145.    101.    364.      0.    392.    142.   553.   882.   1.00    -83.      0.    148.      0.    153.      3.
 169   2121.   1102.   6235.   1122.  10578.    781.   1.07   4.84   1.00   0.31    651.      0.    178.    103.    364.      0.    381.    131.   652.   985.   1.00    -93.      0.    158.      0.    162.      5.
 179   1543.   1679.   6235.   3718.  13175.    943.   1.24   3.52   1.00   0.32    694.      0.    204.    106.    364.      0.    395.    145.   738.  1079.   1.00    -99.      0.    164.      0.    165.      7.
 189   1141.   2081.   6235.   6148.  15605.   1096.   1.40   2.60   1.00   0.30    704.      0.    229.    112.    364.      0.    375.    125.   822.  1178.   1.00   -105.      0.    170.      0.    170.      9.
 199    796.   2426.   5751.   7565.  17022.   1286.   1.60   1.82   1.00   0.30    732.      0.    249.    121.    364.      0.    374.    124.   882.  1260.   1.00   -105.      0.    170.      0.    167.     11.
 209    580.   2642.   4699.   8246.  17702.   1446.   1.77   1.32   1.00   0.32    787.      0.    261.    131.    364.      0.    405.    155.   925.  1330.   1.00   -105.      0.    170.      0.    163.     15.
 219    396.   2826.   3839.   8785.  18241.   1652.   1.98   0.90   1.00   0.30    794.      0.    278.    146.    364.      0.    380.    130.   981.  1445.   1.00   -105.      0.    170.      0.    160.     18.
 221    379.   2843.   3762.   8805.  18262.   1676.   2.01   0.87   1.00   0.30    794.      0.    280.    148.    364.      0.    377.    127.   985.  1455.   1.00   -105.      0.    170.      0.    160.     18.


DATA-FILE  WAWI1PTS.OUT


Name of run: WAWI1


Station=  WAGE , Soil=  1, Crop=  1,    Irr.=  1, IOPT=  1, Runof=0.00, CO2=370.

 Planting on day 274, 1975
 Crop emergence on day   0, 1975
 Wageningen, irrig.,winterwheat var.1, RUE=3.0                                   

 Crop PRODUCTION AND SOIL WATER STATUS
 =======================================
 DAY   WLVG    WLVD    WST    WSO     TAGB    TSUML   DVS     LAI  TRANRF  SMACT  TRAIN   TIRR  TTRANS   TESOIL    TDRAIN  TRUNOF   WTOT  WAVT   PARAB    PAR    NNI   NMINT    NMIN    NUPT    NFIX    NLIV    NLOSS   
 274     68.      0.     37.      0.    105.      0.   0.00   0.14   1.00   0.30      0.      0.      0.      0.      0.      0.     30.     10.     0.     0.   1.00      0.     30.      0.      0.      8.      0.
 279     68.      0.     37.      0.    105.      0.   0.00   0.14   1.00   0.28      2.      0.      0.      4.      0.      0.     28.      8.     0.    19.   1.00      0.     30.      0.      0.      8.      0.
 284     77.      0.     42.      0.    119.      0.   0.00   0.21   1.00   0.30      6.      0.      1.      6.      0.      0.     44.     15.     2.    39.   1.00      2.     26.      2.      0.     10.      0.
 294    100.      0.     54.      0.    155.      0.   0.00   0.39   1.00   0.31     12.      0.      1.      8.      0.      0.     83.     29.     7.    72.   1.00      7.     19.      4.      0.     12.      0.
 304    130.      0.     70.      0.    201.      1.   0.00   0.68   1.00   0.30     13.      0.      2.      9.      0.      0.    118.     40.    12.    93.   1.00     11.     11.      7.      0.     16.      0.
 314    165.      0.     89.      0.    254.      1.   0.00   0.86   1.00   0.33     26.      0.      3.     11.      0.      0.    165.     64.    19.   112.   1.00     14.      4.     12.      0.     20.      0.
 324    170.      0.     92.      0.    262.      1.   0.00   0.87   1.00   0.35     59.      0.      4.     12.      0.      0.    219.     94.    24.   122.   1.00     17.      0.     13.      0.     21.      0.
 334    179.      0.     96.      0.    275.      1.   0.00   0.89   1.00   0.35     99.      0.      5.     14.     17.      0.    262.    112.    30.   137.   1.00     16.      0.     14.      0.     22.      0.
 344    189.      0.    102.      0.    291.      1.   0.00   0.91   1.00   0.35    109.      0.      6.     16.     26.      0.    303.    129.    34.   148.   1.00     14.      0.     16.      0.     24.      0.
 354    191.      0.    103.      0.    294.      1.   0.00   0.92   1.00   0.35    113.      0.      6.     16.     28.      0.    346.    148.    40.   162.   1.00     14.      0.     16.      0.     24.      0.
 364    194.      0.    105.      0.    299.      1.   0.00   0.92   1.00   0.35    121.      0.      8.     17.     35.      0.    387.    165.    42.   167.   1.00     14.      0.     16.      0.     24.      0.
   9    205.      0.    110.      0.    315.      1.   0.00   0.95   1.00   0.35    173.      0.     11.     22.     78.      0.    429.    184.    45.   174.   1.00     13.      0.     17.      0.     26.      0.
  19    218.      0.    117.      0.    336.      1.   0.00   0.97   1.00   0.35    200.      0.     13.     25.    100.      0.    438.    187.    49.   181.   1.00     11.      0.     19.      0.     27.      0.
  29    225.      0.    121.      0.    346.      1.   0.00   0.99   1.00   0.35    221.      0.     15.     28.    115.      0.    437.    187.    55.   196.   1.00     10.      0.     20.      0.     28.      0.
  39    225.      0.    121.      0.    346.      1.   0.00   0.99   1.00   0.35    221.      0.     16.     28.    115.      0.    436.    186.    63.   214.   1.00     10.      0.     20.      0.     28.      0.
  49    227.      0.    122.      0.    349.      3.   0.00   0.99   1.00   0.35    238.      0.     18.     30.    130.      0.    435.    185.    69.   227.   1.00     10.      0.     20.      0.     28.      0.
  59    279.      0.    150.      0.    429.     15.   0.02   1.10   1.00   0.35    239.      0.     20.     32.    130.      0.    432.    182.    82.   255.   1.00      4.      0.     26.      0.     34.      0.
  69    306.      0.    165.      0.    471.     23.   0.03   1.16   1.00   0.34    245.      0.     24.     35.    130.      0.    431.    181.   108.   308.   1.00      1.      0.     29.      0.     37.      0.
  79    317.      0.    171.      0.    487.     37.   0.05   1.18   1.00   0.34    251.      0.     28.     38.    130.      0.    431.    181.   128.   346.   1.00      1.      0.     29.      0.     38.      0.
  89    338.      0.    182.      0.    521.     52.   0.07   1.23   1.00   0.35    267.      0.     34.     41.    131.      0.    436.    186.   156.   402.   1.00      0.      0.     30.      0.     38.      0.
  99    430.      0.    231.      0.    661.     94.   0.13   1.42   1.00   0.34    275.      0.     41.     46.    131.      0.    431.    181.   181.   446.   1.00    -10.      0.     40.      0.     48.      0.
 109    505.      0.    267.      0.    773.    145.   0.20   1.58   1.00   0.33    275.      0.     51.     49.    131.      0.    418.    168.   228.   528.   1.00    -10.      0.     40.      0.     48.      0.
 119    805.      0.    402.      0.   1207.    206.   0.29   2.22   1.00   0.32    275.      0.     69.     52.    131.      0.    398.    148.   290.   619.   1.00    -31.      0.     61.      0.     69.      0.
 129   1206.      0.    652.      0.   1858.    294.   0.41   3.07   1.00   0.30    278.      0.     87.     55.    131.      0.    380.    130.   349.   696.   1.00     -6.      0.     71.      0.     79.      0.
 139   2171.     39.   1784.      0.   3994.    437.   0.61   5.11   1.00   0.28    289.      0.    119.     58.    131.      0.    355.    105.   441.   798.   1.00    -48.      0.    113.      0.    121.      0.
 149   2443.    298.   3246.      0.   5988.    558.   0.77   5.63   1.00   0.27    307.      0.    147.     61.    131.      0.    343.     93.   527.   888.   1.00    -69.      0.    134.      0.    141.      1.
 159   2331.    580.   4644.      0.   7555.    671.   0.93   5.34   1.00   0.27    322.      0.    172.     62.    131.      0.    332.     82.   601.   964.   1.00    -75.      0.    140.      0.    146.      3.
 169   1825.   1093.   5471.   2309.  10698.    843.   1.13   4.18   1.00   0.30    322.     90.    212.     65.    131.      0.    378.    128.   707.  1076.   1.00    -81.      0.    146.      0.    150.      5.
 179   1299.   1619.   5471.   4942.  13331.   1021.   1.32   2.97   1.00   0.29    344.     90.    244.     70.    131.      0.    365.    115.   794.  1175.   1.00    -91.      0.    156.      0.    157.      7.
 189    854.   2064.   5254.   7549.  15938.   1254.   1.57   1.96   1.00   0.29    344.    150.    288.     82.    131.      0.    368.    118.   897.  1308.   1.00    -91.      0.    156.      0.    155.      9.
 199    589.   2329.   4293.   8660.  17049.   1453.   1.78   1.35   1.00   0.30    356.    180.    312.     95.    131.      0.    372.    122.   961.  1409.   1.00    -91.      0.    156.      0.    151.     13.
 209    426.   2492.   3508.   8981.  17370.   1618.   1.95   0.98   1.00   0.29    372.    180.    323.    107.    131.      0.    366.    116.   997.  1481.   1.00    -91.      0.    156.      0.    148.     15.
 214    377.   2541.   3236.   9044.  17433.   1679.   2.01   0.86   1.00   0.29    373.    180.    327.    110.    131.      0.    360.    110.  1009.  1510.   1.00    -91.      0.    156.      0.    148.     16.


DATA-FILE  WAWI1PTS.OUT


Name of run: WAWW2


Station=  WAGE , Soil=  1, Crop=  1,    Irr.=  0, IOPT=  2, Runof=0.00, CO2=370.

 Planting on day 274, 1969
 Crop emergence on day   0, 1969
 Wageningen, water limit.,winterwheat var.1, RUE=3.0                             

 Crop PRODUCTION AND SOIL WATER STATUS
 =======================================
 DAY   WLVG    WLVD    WST    WSO     TAGB    TSUML   DVS     LAI  TRANRF  SMACT  TRAIN   TIRR  TTRANS   TESOIL    TDRAIN  TRUNOF   WTOT  WAVT   PARAB    PAR    NNI   NMINT    NMIN    NUPT    NFIX    NLIV    NLOSS   
 274     68.      0.     37.      0.    105.      0.   0.00   0.14   1.00   0.30      0.      0.      0.      0.      0.      0.     30.     10.     0.     0.   1.00      0.     30.      0.      0.      8.      0.
 279     68.      0.     37.      0.    105.      0.   0.00   0.14   1.00   0.27      2.      0.      0.      5.      0.      0.     27.      7.     0.    20.   1.00      0.     30.      0.      0.      8.      0.
 284     91.      0.     49.      0.    140.      0.   0.00   0.27   1.00   0.27      3.      0.      1.      7.      0.      0.     40.     10.     3.    43.   1.00      1.     26.      3.      0.     11.      0.
 294    154.      0.     83.      0.    237.      0.   0.00   0.68   1.00   0.28      4.      0.      1.      9.      0.      0.     75.     21.    11.    78.   1.00      1.     19.     10.      0.     18.      0.
 304    230.      0.    124.      0.    354.      0.   0.00   0.98   1.00   0.29     17.      0.      5.     15.      0.      0.    114.     36.    19.   100.   1.00     -1.     11.     19.      0.     28.      0.
 314    257.      0.    138.      0.    395.      0.   0.00   1.04   1.00   0.34     44.      0.      7.     18.      0.      0.    171.     70.    26.   113.   1.00      3.      4.     23.      0.     32.      0.
 324    290.      0.    156.      0.    447.      0.   0.00   1.11   1.00   0.34     68.      0.     11.     23.      0.      0.    216.     90.    32.   127.   1.00      3.      0.     27.      0.     36.      0.
 334    301.      0.    162.      0.    462.      0.   0.00   1.13   1.00   0.35     77.      0.     12.     23.      0.      0.    261.    112.    37.   138.   1.00      1.      0.     29.      0.     37.      0.
 344    301.      0.    162.      0.    463.      0.   0.00   1.13   1.00   0.35     86.      0.     12.     23.      0.      0.    303.    129.    43.   150.   1.00      1.      0.     29.      0.     37.      0.
 354    301.      0.    162.      0.    463.      0.   0.00   1.13   1.00   0.35    101.      0.     12.     24.      2.      0.    345.    148.    47.   157.   1.00      1.      0.     29.      0.     37.      0.
 364    303.      0.    163.      0.    465.      0.   0.00   1.13   1.00   0.35    116.      0.     13.     24.     17.      0.    387.    166.    50.   164.   1.00      1.      0.     29.      0.     37.      0.
   9    303.      0.    163.      0.    465.      0.   0.00   1.13   1.00   0.35    123.      0.     14.     26.     21.      0.    429.    184.    55.   174.   1.00      1.      0.     29.      0.     37.      0.
  19    307.      0.    165.      0.    472.      0.   0.00   1.14   1.00   0.35    134.      0.     14.     26.     32.      0.    437.    187.    59.   181.   1.00      0.      0.     30.      0.     38.      0.
  29    310.      0.    167.      0.    477.      0.   0.00   1.15   1.00   0.35    158.      0.     14.     26.     55.      0.    437.    187.    63.   190.   1.00      0.      0.     30.      0.     38.      0.
  39    312.      0.    168.      0.    480.      0.   0.00   1.15   1.00   0.35    182.      0.     16.     28.     76.      0.    438.    187.    72.   208.   1.00      0.      0.     30.      0.     38.      0.
  49    315.      0.    169.      0.    484.      1.   0.00   1.16   1.00   0.35    208.      0.     17.     29.    100.      0.    438.    187.    85.   233.   1.00     -1.      0.     31.      0.     39.      0.
  59    326.      0.    176.      0.    502.      6.   0.01   1.18   1.00   0.35    254.      0.     19.     32.    142.      0.    437.    187.    95.   252.   1.00     -2.      0.     32.      0.     40.      0.
  69    327.      0.    176.      0.    503.      8.   0.01   1.18   1.00   0.35    271.      0.     21.     34.    153.      0.    437.    187.   114.   290.   1.00     -2.      0.     32.      0.     40.      0.
  79    346.      0.    186.      0.    532.     18.   0.03   1.23   1.00   0.35    279.      0.     24.     38.    156.      0.    436.    186.   134.   329.   1.00     -3.      0.     33.      0.     41.      0.
  89    371.      0.    200.      0.    571.     39.   0.05   1.28   1.00   0.35    298.      0.     29.     43.    166.      0.    435.    185.   157.   373.   1.00     -6.      0.     36.      0.     44.      0.
  99    385.      0.    207.      0.    592.     57.   0.08   1.31   1.00   0.35    350.      0.     33.     49.    205.      0.    438.    187.   180.   416.   1.00     -7.      0.     37.      0.     45.      0.
 109    507.      0.    271.      0.    778.    109.   0.15   1.57   1.00   0.35    370.      0.     40.     56.    214.      0.    434.    184.   208.   465.   1.00    -14.      0.     44.      0.     52.      0.
 119    686.      0.    354.      0.   1041.    180.   0.25   1.95   1.00   0.35    399.      0.     49.     64.    224.      0.    438.    187.   242.   518.   1.00    -26.      0.     56.      0.     64.      0.
 129   1402.      0.    759.      0.   2161.    287.   0.40   3.46   1.00   0.34    407.      0.     66.     69.    224.      0.    422.    172.   303.   598.   1.00    -20.      0.     85.      0.     93.      0.
 139   2334.     89.   1824.      0.   4248.    433.   0.60   5.42   1.00   0.32    411.      0.     90.     71.    224.      0.    400.    150.   383.   685.   1.00    -58.      0.    123.      0.    131.      1.
 149   2546.    382.   3186.      0.   6114.    546.   0.76   5.82   1.00   0.31    419.      0.    115.     73.    224.      0.    383.    133.   459.   763.   1.00    -75.      0.    140.      0.    147.      2.
 159   2464.    714.   5590.      0.   8768.    695.   0.97   5.59   1.00   0.28    423.      0.    153.     74.    224.      0.    347.     97.   560.   868.   1.00    -92.      0.    157.      0.    162.      3.
 169   1875.   1302.   5859.   3026.  12063.    870.   1.16   4.25   0.71   0.25    431.      0.    192.     76.    224.      0.    315.     65.   671.   984.   1.00    -95.      0.    160.      0.    162.      5.
 179   1313.   1865.   5859.   5179.  14215.   1057.   1.36   2.98   1.00   0.23    438.      0.    219.     79.    224.      0.    291.     41.   762.  1087.   1.00   -102.      0.    167.      0.    168.      8.
 189    964.   2214.   5741.   6284.  15320.   1215.   1.53   2.19   0.89   0.25    488.      0.    237.     86.    224.      0.    316.     66.   808.  1146.   1.00   -102.      0.    167.      0.    166.      9.
 199    699.   2478.   4691.   7266.  16302.   1379.   1.70   1.59   1.00   0.27    542.      0.    256.     97.    224.      0.    341.     91.   863.  1227.   1.00   -102.      0.    167.      0.    162.     13.
 209    517.   2661.   3833.   7680.  16716.   1530.   1.86   1.17   1.00   0.28    570.      0.    267.    108.    224.      0.    346.     96.   896.  1285.   1.00   -102.      0.    167.      0.    159.     16.
 218    387.   2790.   3261.   7915.  16951.   1682.   2.02   0.88   1.00   0.27    576.      0.    277.    117.    224.      0.    332.     82.   931.  1361.   1.00   -102.      0.    167.      0.    157.     18.


DATA-FILE  WAWI1PTS.OUT


Name of run: WAWW2


Station=  WAGE , Soil=  1, Crop=  1,    Irr.=  0, IOPT=  2, Runof=0.00, CO2=370.

 Planting on day 274, 1970
 Crop emergence on day   0, 1970
 Wageningen, water limit.,winterwheat var.1, RUE=3.0                             

 Crop PRODUCTION AND SOIL WATER STATUS
 =======================================
 DAY   WLVG    WLVD    WST    WSO     TAGB    TSUML   DVS     LAI  TRANRF  SMACT  TRAIN   TIRR  TTRANS   TESOIL    TDRAIN  TRUNOF   WTOT  WAVT   PARAB    PAR    NNI   NMINT    NMIN    NUPT    NFIX    NLIV    NLOSS   
 274     68.      0.     37.      0.    105.      0.   0.00   0.14   1.00   0.30      0.      0.      0.      0.      0.      0.     30.     10.     0.     0.   1.00      0.     30.      0.      0.      8.      0.
 279     68.      0.     37.      0.    105.      0.   0.00   0.14   1.00   0.35     23.      0.      0.      7.      0.      0.     35.     15.     0.    15.   1.00      0.     30.      0.      0.      8.      0.
 280     68.      0.     37.      0.    105.      0.   0.00   0.14   1.00   0.35     26.      0.      0.      8.      0.      0.     35.     15.     0.    16.   1.00      0.     30.      0.      0.      8.      0.
 284     76.      0.     41.      0.    117.      0.   0.00   0.20   1.00   0.33     26.      0.      1.      9.      0.      0.     45.     18.     1.    29.   1.00      1.     27.      2.      0.     10.      0.
 294    106.      0.     57.      0.    164.      0.   0.00   0.46   1.00   0.35     54.      0.      1.     13.      0.      0.     89.     38.     7.    61.   1.00      5.     20.      5.      0.     14.      0.
 304    137.      0.     74.      0.    211.      1.   0.00   0.78   1.00   0.35     86.      0.      2.     16.      5.      0.    132.     56.    12.    78.   1.00      9.     12.      9.      0.     17.      0.
 314    174.      0.     94.      0.    268.      1.   0.00   0.86   1.00   0.35    128.      0.      5.     21.     40.      0.    174.     74.    18.    93.   1.00     12.      4.     13.      0.     22.      0.
 324    201.      0.    108.      0.    309.      1.   0.00   0.92   1.00   0.35    155.      0.      7.     26.     59.      0.    216.     92.    23.   107.   1.00     13.      0.     17.      0.     25.      0.
 334    224.      0.    120.      0.    344.      1.   0.00   0.96   1.00   0.35    160.      0.      8.     26.     64.      0.    258.    110.    30.   122.   1.00     10.      0.     20.      0.     28.      0.
 344    237.      0.    128.      0.    365.      1.   0.00   0.99   1.00   0.35    204.      0.      8.     27.    106.      0.    300.    128.    33.   130.   1.00      8.      0.     22.      0.     30.      0.
 354    242.      0.    130.      0.    372.      1.   0.00   1.00   1.00   0.35    208.      0.      9.     28.    109.      0.    342.    146.    36.   136.   1.00      8.      0.     22.      0.     30.      0.
 364    242.      0.    131.      0.    373.      1.   0.00   1.00   1.00   0.35    213.      0.      9.     28.    113.      0.    383.    164.    41.   147.   1.00      8.      0.     22.      0.     30.      0.
   9    242.      0.    131.      0.    373.      1.   0.00   1.00   1.00   0.35    217.      0.      9.     28.    118.      0.    426.    182.    45.   157.   1.00      8.      0.     22.      0.     30.      0.
  19    243.      0.    131.      0.    374.      1.   0.00   1.00   1.00   0.35    223.      0.     10.     28.    123.      0.    438.    187.    51.   168.   1.00      8.      0.     22.      0.     30.      0.
  29    256.      0.    138.      0.    393.      1.   0.00   1.03   1.00   0.35    269.      0.     11.     31.    164.      0.    438.    187.    54.   177.   1.00      6.      0.     24.      0.     32.      0.
  39    267.      0.    144.      0.    410.      2.   0.00   1.05   1.00   0.35    279.      0.     13.     32.    171.      0.    438.    187.    60.   188.   1.00      5.      0.     25.      0.     33.      0.
  49    283.      0.    152.      0.    435.      5.   0.01   1.09   1.00   0.35    298.      0.     15.     34.    187.      0.    438.    187.    70.   210.   1.00      3.      0.     27.      0.     35.      0.
  59    297.      0.    160.      0.    456.     11.   0.01   1.12   1.00   0.35    306.      0.     17.     36.    194.      0.    435.    185.    83.   236.   1.00      2.      0.     28.      0.     37.      0.
  69    297.      0.    160.      0.    456.     11.   0.02   1.12   1.00   0.35    315.      0.     18.     38.    197.      0.    437.    187.   102.   275.   1.00      2.      0.     28.      0.     37.      0.
  79    344.      0.    185.      0.    529.     33.   0.05   1.22   1.00   0.35    339.      0.     23.     45.    209.      0.    438.    187.   121.   313.   1.00     -2.      0.     32.      0.     40.      0.
  89    371.      0.    200.      0.    571.     57.   0.08   1.28   1.00   0.35    346.      0.     27.     49.    210.      0.    435.    185.   140.   350.   1.00     -5.      0.     35.      0.     43.      0.
  99    453.      0.    243.      0.    696.    100.   0.14   1.45   1.00   0.34    346.      0.     33.     51.    210.      0.    428.    178.   167.   398.   1.00    -11.      0.     41.      0.     49.      0.
 109    834.      0.    426.      0.   1260.    161.   0.22   2.26   1.00   0.33    351.      0.     45.     53.    210.      0.    418.    168.   219.   479.   1.00    -37.      0.     67.      0.     75.      0.
 119   1217.      0.    603.      0.   1820.    238.   0.33   3.07   1.00   0.33    366.      0.     62.     57.    210.      0.    412.    162.   275.   548.   1.00    -59.      0.     89.      0.     97.      0.
 129   1762.      0.   1000.      0.   2762.    337.   0.47   4.22   1.00   0.30    366.      0.     89.     61.    210.      0.    381.    131.   370.   659.   1.00    -40.      0.    105.      0.    113.      0.
 139   2505.    188.   2312.      0.   5004.    491.   0.68   5.76   1.00   0.32    415.      0.    115.     64.    210.      0.    401.    151.   453.   746.   1.00    -70.      0.    135.      0.    142.      1.
 149   2526.    546.   3936.      0.   7008.    627.   0.87   5.75   1.00   0.32    434.      0.    139.     65.    210.      0.    395.    145.   527.   823.   1.00    -85.      0.    150.      0.    156.      2.
 159   2128.   1013.   5753.   1175.  10068.    786.   1.07   4.83   1.00   0.28    434.      0.    176.     67.    210.      0.    356.    106.   631.   931.   1.00    -95.      0.    160.      0.    164.      4.
 169   1627.   1514.   5753.   2800.  11693.    920.   1.21   3.69   1.00   0.30    480.      0.    197.     70.    210.      0.    378.    128.   688.   993.   1.00   -100.      0.    165.      0.    167.      6.
 179   1225.   1916.   5753.   4661.  13554.   1061.   1.36   2.78   1.00   0.31    520.      0.    221.     75.    210.      0.    390.    140.   752.  1067.   1.00   -104.      0.    169.      0.    170.      8.
 189    897.   2243.   5638.   6642.  15535.   1220.   1.53   2.04   1.00   0.30    533.      0.    245.     81.    210.      0.    372.    122.   830.  1169.   1.00   -104.      0.    169.      0.    168.     10.
 199    643.   2498.   4606.   7911.  16804.   1394.   1.71   1.46   1.00   0.28    533.      0.    267.     87.    210.      0.    345.     95.   898.  1274.   1.00   -104.      0.    169.      0.    164.     13.
 209    468.   2673.   3764.   8378.  17271.   1558.   1.88   1.06   1.00   0.28    559.      0.    278.     99.    210.      0.    348.     98.   936.  1344.   1.00   -104.      0.    169.      0.    161.     16.
 216    379.   2762.   3334.   8511.  17404.   1669.   2.00   0.86   1.00   0.27    565.      0.    285.    105.    210.      0.    340.     90.   958.  1394.   1.00   -104.      0.    169.      0.    160.     18.


DATA-FILE  WAWI1PTS.OUT


Name of run: WAWW2


Station=  WAGE , Soil=  1, Crop=  1,    Irr.=  0, IOPT=  2, Runof=0.00, CO2=370.

 Planting on day 274, 1971
 Crop emergence on day   0, 1971
 Wageningen, water limit.,winterwheat var.1, RUE=3.0                             

 Crop PRODUCTION AND SOIL WATER STATUS
 =======================================
 DAY   WLVG    WLVD    WST    WSO     TAGB    TSUML   DVS     LAI  TRANRF  SMACT  TRAIN   TIRR  TTRANS   TESOIL    TDRAIN  TRUNOF   WTOT  WAVT   PARAB    PAR    NNI   NMINT    NMIN    NUPT    NFIX    NLIV    NLOSS   
 274     68.      0.     37.      0.    105.      0.   0.00   0.14   1.00   0.30      0.      0.      0.      0.      0.      0.     30.     10.     0.     0.   1.00      0.     30.      0.      0.      8.      0.
 279     68.      0.     37.      0.    105.      0.   0.00   0.14   1.00   0.27      0.      0.      0.      2.      0.      0.     27.      7.     0.    25.   1.00      0.     30.      0.      0.      8.      0.
 284     80.      0.     43.      0.    123.      0.   0.00   0.23   1.00   0.27      0.      0.      1.      4.      0.      0.     40.     11.     2.    46.   1.00      2.     26.      2.      0.     10.      0.
 294    112.      0.     60.      0.    172.      0.   0.00   0.52   1.00   0.34     23.      0.      2.     10.      0.      0.     91.     38.     8.    78.   1.00      6.     19.      5.      0.     13.      0.
 304    189.      0.    102.      0.    291.      0.   0.00   0.89   1.00   0.32     23.      0.      4.     12.      0.      0.    124.     46.    20.   110.   1.00      3.     11.     15.      0.     24.      0.
 314    228.      0.    123.      0.    351.      1.   0.00   0.97   1.00   0.33     33.      0.      5.     14.      0.      0.    166.     64.    27.   128.   1.00      7.      4.     20.      0.     28.      0.
 324    237.      0.    128.      0.    365.      1.   0.00   0.99   1.00   0.35     53.      0.      7.     16.      0.      0.    218.     93.    33.   142.   1.00      9.      0.     21.      0.     30.      0.
 334    242.      0.    130.      0.    372.      1.   0.00   1.00   1.00   0.35     81.      0.      8.     17.      0.      0.    262.    112.    37.   150.   1.00      8.      0.     22.      0.     30.      0.
 344    247.      0.    133.      0.    380.      1.   0.00   1.01   1.00   0.35     88.      0.      8.     17.      0.      0.    304.    130.    41.   159.   1.00      7.      0.     23.      0.     31.      0.
 354    257.      0.    138.      0.    395.      1.   0.00   1.03   1.00   0.35     94.      0.      9.     18.      5.      0.    346.    148.    44.   165.   1.00      6.      0.     24.      0.     32.      0.
 364    269.      0.    145.      0.    413.      1.   0.00   1.06   1.00   0.35    111.      0.      9.     18.     21.      0.    388.    166.    49.   175.   1.00      5.      0.     25.      0.     33.      0.
   9    270.      0.    145.      0.    415.      1.   0.00   1.06   1.00   0.35    111.      0.     10.     18.     21.      0.    429.    184.    52.   182.   1.00      5.      0.     25.      0.     33.      0.
  19    272.      0.    147.      0.    419.      1.   0.00   1.07   1.00   0.35    116.      0.     11.     19.     25.      0.    436.    186.    57.   192.   1.00      4.      0.     26.      0.     34.      0.
  29    272.      0.    147.      0.    419.      1.   0.00   1.07   1.00   0.35    142.      0.     12.     20.     48.      0.    437.    187.    62.   204.   1.00      4.      0.     26.      0.     34.      0.
  39    283.      0.    152.      0.    435.      1.   0.00   1.09   1.00   0.35    156.      0.     14.     22.     57.      0.    438.    188.    71.   223.   1.00      3.      0.     27.      0.     35.      0.
  49    303.      0.    163.      0.    466.      4.   0.01   1.13   1.00   0.35    168.      0.     16.     24.     66.      0.    436.    186.    82.   245.   1.00      1.      0.     29.      0.     37.      0.
  59    327.      0.    176.      0.    503.     11.   0.02   1.18   1.00   0.35    170.      0.     18.     25.     66.      0.    436.    186.    91.   264.   1.00     -2.      0.     32.      0.     40.      0.
  69    395.      0.    213.      0.    607.     28.   0.04   1.33   1.00   0.35    179.      0.     23.     29.     66.      0.    436.    186.   112.   303.   1.00     -8.      0.     38.      0.     46.      0.
  79    482.      0.    259.      0.    741.     52.   0.07   1.51   1.00   0.34    186.      0.     30.     33.     71.      0.    427.    177.   144.   360.   1.00    -17.      0.     47.      0.     55.      0.
  89    536.      0.    288.      0.    824.     89.   0.12   1.63   1.00   0.35    209.      0.     38.     37.     72.      0.    438.    188.   178.   417.   1.00    -21.      0.     51.      0.     59.      0.
  99    696.      0.    367.      0.   1063.    145.   0.20   1.97   1.00   0.35    252.      0.     46.     44.     99.      0.    438.    188.   201.   452.   1.00    -29.      0.     59.      0.     68.      0.
 109    917.      0.    466.      0.   1383.    198.   0.27   2.43   1.00   0.35    291.      0.     56.     50.    126.      0.    434.    184.   246.   514.   1.00    -40.      0.     70.      0.     78.      0.
 119   1199.      0.    615.      0.   1813.    249.   0.35   3.03   1.00   0.34    301.      0.     70.     54.    128.      0.    424.    174.   305.   587.   1.00    -54.      0.     84.      0.     92.      0.
 129   1977.      8.   1236.      0.   3220.    361.   0.50   4.68   1.00   0.33    313.      0.     89.     58.    128.      0.    413.    163.   369.   659.   1.00    -46.      0.    111.      0.    120.      0.
 139   2270.    189.   1880.      0.   4339.    458.   0.64   5.26   1.00   0.35    368.      0.    105.     60.    141.      0.    438.    188.   422.   715.   1.00    -65.      0.    130.      0.    137.      1.
 149   2523.    480.   3636.      0.   6638.    588.   0.82   5.75   1.00   0.35    395.      0.    135.     62.    141.      0.    431.    181.   509.   806.   1.00    -82.      0.    147.      0.    153.      2.
 159   2334.    768.   5125.     60.   8287.    718.   1.00   5.30   1.00   0.35    422.      0.    160.     64.    141.      0.    432.    182.   573.   872.   1.00    -87.      0.    152.      0.    158.      3.
 169   1840.   1262.   5141.   2634.  10877.    844.   1.13   4.18   1.00   0.34    439.      0.    187.     67.    141.      0.    419.    169.   662.   966.   1.00    -89.      0.    154.      0.    157.      5.
 179   1391.   1711.   5141.   4677.  12920.    984.   1.28   3.16   1.00   0.34    474.      0.    212.     71.    141.      0.    425.    175.   731.  1043.   1.00    -98.      0.    163.      0.    165.      7.
 189   1021.   2081.   5141.   6146.  14389.   1142.   1.45   2.32   1.00   0.34    509.      0.    231.     77.    148.      0.    428.    178.   783.  1108.   1.00    -99.      0.    164.      0.    164.      9.
 199    751.   2350.   4555.   7653.  15896.   1295.   1.61   1.71   1.00   0.33    521.      0.    250.     85.    148.      0.    412.    162.   853.  1208.   1.00    -99.      0.    164.      0.    161.     11.
 209    510.   2591.   3721.   8373.  16616.   1505.   1.83   1.16   1.00   0.33    541.      0.    267.     94.    148.      0.    406.    156.   899.  1288.   1.00    -99.      0.    164.      0.    158.     15.
 219    372.   2729.   3041.   8579.  16822.   1663.   2.00   0.85   1.00   0.34    595.      0.    275.    105.    164.      0.    425.    175.   927.  1348.   1.00    -99.      0.    164.      0.    156.     17.
 221    360.   2742.   2980.   8596.  16839.   1682.   2.02   0.82   1.00   0.34    595.      0.    276.    106.    164.      0.    423.    173.   931.  1359.   1.00    -99.      0.    164.      0.    155.     17.


DATA-FILE  WAWI1PTS.OUT


Name of run: WAWW2


Station=  WAGE , Soil=  1, Crop=  1,    Irr.=  0, IOPT=  2, Runof=0.00, CO2=370.

 Planting on day 274, 1972
 Crop emergence on day   0, 1972
 Wageningen, water limit.,winterwheat var.1, RUE=3.0                             

 Crop PRODUCTION AND SOIL WATER STATUS
 =======================================
 DAY   WLVG    WLVD    WST    WSO     TAGB    TSUML   DVS     LAI  TRANRF  SMACT  TRAIN   TIRR  TTRANS   TESOIL    TDRAIN  TRUNOF   WTOT  WAVT   PARAB    PAR    NNI   NMINT    NMIN    NUPT    NFIX    NLIV    NLOSS   
 274     68.      0.     37.      0.    105.      0.   0.00   0.14   1.00   0.30      0.      0.      0.      0.      0.      0.     30.     10.     0.     0.   1.00      0.     30.      0.      0.      8.      0.
 279     68.      0.     37.      0.    105.      0.   0.00   0.14   1.00   0.27      0.      0.      0.      3.      0.      0.     27.      7.     0.    29.   1.00      0.     30.      0.      0.      8.      0.
 281     68.      0.     37.      0.    105.      0.   0.00   0.14   1.00   0.25      0.      0.      1.      4.      0.      0.     25.      5.     0.    41.   1.00      0.     30.      0.      0.      8.      0.
 284     75.      0.     40.      0.    115.      0.   0.00   0.19   1.00   0.26      0.      0.      1.      5.      0.      0.     32.      7.     1.    53.   1.00      1.     28.      1.      0.      9.      0.
 294     91.      0.     49.      0.    140.      0.   0.00   0.34   1.00   0.27      1.      0.      1.      6.      0.      0.     66.     18.     6.    88.   1.00      6.     20.      3.      0.     11.      0.
 304    129.      0.     69.      0.    198.      2.   0.00   0.68   1.00   0.33     23.      0.      2.      9.      0.      0.    121.     48.    13.   115.   1.00     10.     13.      7.      0.     15.      0.
 314    150.      0.     81.      0.    231.      2.   0.00   0.82   1.00   0.34     34.      0.      3.     10.      0.      0.    166.     69.    17.   125.   1.00     15.      5.     10.      0.     18.      0.
 324    169.      0.     91.      0.    260.      2.   0.00   0.86   1.00   0.35     72.      0.      4.     14.      0.      0.    211.     90.    23.   142.   1.00     17.      0.     13.      0.     21.      0.
 334    179.      0.     96.      0.    275.      2.   0.00   0.88   1.00   0.35     99.      0.      5.     15.     17.      0.    253.    108.    29.   156.   1.00     16.      0.     14.      0.     22.      0.
 344    202.      0.    109.      0.    311.      2.   0.00   0.93   1.00   0.35    112.      0.      7.     17.     26.      0.    295.    126.    34.   169.   1.00     13.      0.     17.      0.     25.      0.
 354    213.      0.    115.      0.    327.      2.   0.00   0.95   1.00   0.35    121.      0.      7.     17.     35.      0.    337.    144.    39.   180.   1.00     12.      0.     18.      0.     26.      0.
 364    213.      0.    115.      0.    328.      2.   0.00   0.95   1.00   0.35    121.      0.      8.     18.     35.      0.    377.    160.    43.   190.   1.00     12.      0.     18.      0.     26.      0.
   9    214.      0.    115.      0.    329.      2.   0.00   0.95   1.00   0.35    122.      0.      8.     18.     35.      0.    420.    179.    47.   200.   1.00     12.      0.     18.      0.     26.      0.
  19    218.      0.    117.      0.    335.      2.   0.00   0.96   1.00   0.35    123.      0.      9.     18.     35.      0.    437.    187.    52.   210.   1.00     11.      0.     19.      0.     27.      0.
  29    224.      0.    121.      0.    345.      2.   0.00   0.97   1.00   0.35    141.      0.     10.     19.     49.      0.    438.    187.    57.   222.   1.00     11.      0.     19.      0.     27.      0.
  39    234.      0.    126.      0.    361.      2.   0.00   0.99   1.00   0.35    151.      0.     11.     21.     58.      0.    438.    187.    63.   235.   1.00      9.      0.     21.      0.     29.      0.
  49    240.      0.    129.      0.    369.      4.   0.01   1.01   1.00   0.35    197.      0.     12.     23.     99.      0.    438.    187.    72.   254.   1.00      9.      0.     21.      0.     30.      0.
  59    245.      0.    132.      0.    377.      9.   0.01   1.02   1.00   0.35    216.      0.     14.     25.    115.      0.    437.    187.    85.   282.   1.00      8.      0.     22.      0.     30.      0.
  69    277.      0.    149.      0.    426.     23.   0.03   1.08   1.00   0.35    231.      0.     16.     29.    124.      0.    436.    186.   101.   317.   1.00      5.      0.     25.      0.     33.      0.
  79    291.      0.    157.      0.    448.     37.   0.05   1.11   1.00   0.35    233.      0.     19.     32.    124.      0.    433.    183.   125.   368.   1.00      4.      0.     26.      0.     34.      0.
  89    324.      0.    174.      0.    498.     70.   0.10   1.18   1.00   0.35    240.      0.     24.     35.    124.      0.    432.    182.   149.   416.   1.00      2.      0.     28.      0.     36.      0.
  99    364.      0.    195.      0.    560.    103.   0.14   1.27   1.00   0.35    288.      0.     30.     43.    153.      0.    437.    187.   176.   469.   1.00     -1.      0.     31.      0.     40.      0.
 109    454.      0.    239.      0.    692.    137.   0.19   1.46   1.00   0.35    305.      0.     36.     50.    155.      0.    438.    187.   211.   532.   1.00     -7.      0.     37.      0.     45.      0.
 119    730.      0.    361.      0.   1091.    196.   0.27   2.04   1.00   0.35    316.      0.     47.     57.    156.      0.    432.    182.   262.   614.   1.00    -25.      0.     55.      0.     63.      0.
 129   1213.      0.    652.      0.   1865.    293.   0.41   3.07   1.00   0.35    342.      0.     60.     63.    159.      0.    435.    185.   306.   672.   1.00     -8.      0.     73.      0.     81.      0.
 139   1814.      1.   1217.      0.   3032.    389.   0.54   4.34   1.00   0.33    352.      0.     83.     67.    159.      0.    418.    168.   388.   765.   1.00    -30.      0.     95.      0.    104.      0.
 149   2459.    171.   3014.      0.   5644.    540.   0.75   5.67   1.00   0.32    367.      0.    114.     70.    159.      0.    398.    148.   483.   864.   1.00    -61.      0.    126.      0.    134.      1.
 159   2355.    450.   4764.      0.   7570.    669.   0.93   5.40   1.00   0.32    393.      0.    138.     71.    159.      0.    399.    149.   557.   941.   1.00    -73.      0.    138.      0.    144.      2.
 169   1914.    896.   5351.   2172.  10333.    814.   1.10   4.39   1.00   0.29    393.      0.    169.     72.    159.      0.    367.    117.   654.  1043.   1.00    -76.      0.    141.      0.    146.      4.
 179   1338.   1473.   5351.   5399.  13560.   1003.   1.30   3.07   1.00   0.26    393.      0.    208.     75.    159.      0.    327.     77.   760.  1163.   1.00    -87.      0.    152.      0.    154.      6.
 189    921.   1889.   5351.   7617.  15778.   1203.   1.51   2.11   0.84   0.24    406.      0.    237.     82.    159.      0.    303.     53.   846.  1270.   1.00    -87.      0.    152.      0.    153.      8.
 199    662.   2148.   4372.   8650.  16811.   1372.   1.69   1.52   1.00   0.24    430.      0.    253.     93.    159.      0.    299.     49.   905.  1359.   1.00    -87.      0.    152.      0.    149.     11.
 209    489.   2322.   3572.   9075.  17236.   1524.   1.85   1.12   1.00   0.24    456.      0.    265.    107.    159.      0.    300.     50.   937.  1417.   1.00    -87.      0.    152.      0.    146.     14.
 219    360.   2450.   2978.   9265.  17426.   1682.   2.02   0.83   0.69   0.24    475.      0.    273.    119.    159.      0.    299.     49.   964.  1476.   1.00    -87.      0.    152.      0.    144.     16.


DATA-FILE  WAWI1PTS.OUT


Name of run: WAWW2


Station=  WAGE , Soil=  1, Crop=  1,    Irr.=  0, IOPT=  2, Runof=0.00, CO2=370.

 Planting on day 274, 1973
 Crop emergence on day   0, 1973
 Wageningen, water limit.,winterwheat var.1, RUE=3.0                             

 Crop PRODUCTION AND SOIL WATER STATUS
 =======================================
 DAY   WLVG    WLVD    WST    WSO     TAGB    TSUML   DVS     LAI  TRANRF  SMACT  TRAIN   TIRR  TTRANS   TESOIL    TDRAIN  TRUNOF   WTOT  WAVT   PARAB    PAR    NNI   NMINT    NMIN    NUPT    NFIX    NLIV    NLOSS   
 274     68.      0.     37.      0.    105.      0.   0.00   0.14   1.00   0.30      0.      0.      0.      0.      0.      0.     30.     10.     0.     0.   1.00      0.     30.      0.      0.      8.      0.
 280     68.      0.     37.      0.    105.      0.   0.00   0.14   1.00   0.27      0.      0.      0.      3.      0.      0.     27.      7.     0.    34.   1.00      0.     30.      0.      0.      8.      0.
 284     75.      0.     40.      0.    115.      0.   0.00   0.22   1.00   0.35     20.      0.      1.      5.      0.      0.     47.     20.     1.    41.   1.00      2.     27.      1.      0.      9.      0.
 294     86.      0.     46.      0.    132.      0.   0.00   0.37   1.00   0.35     80.      0.      1.     10.      7.      0.     90.     38.     5.    68.   1.00      8.     20.      2.      0.     10.      0.
 304    116.      0.     63.      0.    179.      1.   0.00   0.68   1.00   0.35     86.      0.      2.     12.     10.      0.    131.     56.    13.    99.   1.00     12.     12.      6.      0.     14.      0.
 314    158.      0.     85.      0.    243.      1.   0.00   0.84   1.00   0.35    105.      0.      3.     14.     26.      0.    173.     73.    20.   119.   1.00     15.      4.     11.      0.     19.      0.
 324    183.      0.     99.      0.    282.      1.   0.00   0.90   1.00   0.35    139.      0.      5.     17.     55.      0.    216.     92.    27.   137.   1.00     16.      0.     14.      0.     23.      0.
 334    188.      0.    101.      0.    289.      1.   0.00   0.91   1.00   0.35    164.      0.      5.     17.     79.      0.    258.    110.    34.   153.   1.00     15.      0.     15.      0.     23.      0.
 344    193.      0.    104.      0.    297.      1.   0.00   0.92   1.00   0.35    193.      0.      5.     18.    107.      0.    300.    128.    39.   166.   1.00     14.      0.     16.      0.     24.      0.
 354    196.      0.    105.      0.    301.      1.   0.00   0.92   1.00   0.35    222.      0.      6.     20.    134.      0.    341.    146.    44.   176.   1.00     14.      0.     16.      0.     24.      0.
 364    201.      0.    108.      0.    309.      1.   0.00   0.93   1.00   0.35    228.      0.      7.     20.    138.      0.    383.    164.    46.   182.   1.00     14.      0.     16.      0.     25.      0.
   9    207.      0.    111.      0.    318.      1.   0.00   0.95   1.00   0.35    242.      0.      8.     22.    149.      0.    426.    182.    50.   192.   1.00     13.      0.     17.      0.     25.      0.
  19    223.      0.    120.      0.    343.      1.   0.00   0.98   1.00   0.35    272.      0.     11.     27.    172.      0.    437.    187.    54.   200.   1.00     11.      0.     19.      0.     27.      0.
  29    237.      0.    127.      0.    364.      1.   0.00   1.01   1.00   0.35    285.      0.     13.     29.    180.      0.    438.    187.    59.   210.   1.00      9.      0.     21.      0.     29.      0.
  39    252.      0.    136.      0.    388.      1.   0.00   1.04   1.00   0.35    293.      0.     15.     31.    185.      0.    438.    187.    66.   227.   1.00      7.      0.     23.      0.     31.      0.
  49    297.      0.    160.      0.    458.      7.   0.01   1.14   1.00   0.35    313.      0.     19.     36.    200.      0.    433.    183.    78.   251.   1.00      2.      0.     28.      0.     36.      0.
  59    304.      0.    163.      0.    467.     12.   0.02   1.15   1.00   0.35    316.      0.     21.     36.    200.      0.    434.    184.    93.   282.   1.00      1.      0.     29.      0.     37.      0.
  69    304.      0.    164.      0.    468.     17.   0.02   1.15   1.00   0.35    335.      0.     23.     39.    213.      0.    435.    185.   107.   309.   1.00      1.      0.     29.      0.     37.      0.
  79    348.      0.    187.      0.    536.     38.   0.05   1.25   1.00   0.35    364.      0.     28.     44.    230.      0.    437.    187.   124.   344.   1.00     -2.      0.     32.      0.     40.      0.
  89    493.      0.    265.      0.    758.     81.   0.11   1.55   1.00   0.34    372.      0.     33.     49.    236.      0.    430.    180.   152.   394.   1.00    -15.      0.     45.      0.     54.      0.
  99    981.      0.    503.      0.   1483.    150.   0.21   2.59   1.00   0.33    372.      0.     46.     51.    236.      0.    414.    164.   207.   476.   1.00    -48.      0.     78.      0.     86.      0.
 109   1171.      0.    587.      0.   1758.    207.   0.29   2.99   1.00   0.32    372.      0.     61.     53.    236.      0.    397.    147.   282.   568.   1.00    -65.      0.     95.      0.    104.      0.
 119   1324.      0.    676.      0.   2000.    258.   0.36   3.31   1.00   0.31    378.      0.     76.     55.    236.      0.    386.    136.   350.   649.   1.00    -65.      0.     95.      0.    104.      0.
 129   1701.      1.    953.      0.   2654.    337.   0.47   4.11   1.00   0.30    382.      0.     90.     57.    236.      0.    375.    125.   395.   699.   1.00    -43.      0.    108.      0.    116.      0.
 139   2503.    138.   2237.      0.   4879.    466.   0.65   5.78   1.00   0.30    415.      0.    118.     59.    236.      0.    377.    127.   482.   792.   1.00    -74.      0.    139.      0.    147.      1.
 149   2627.    518.   4085.      0.   7230.    595.   0.83   5.98   1.00   0.29    426.      0.    146.     60.    236.      0.    359.    109.   570.   882.   1.00    -92.      0.    157.      0.    163.      2.
 159   2392.    849.   5825.    138.   9203.    710.   0.99   5.43   1.00   0.27    440.      0.    176.     62.    236.      0.    341.     91.   668.   983.   1.00   -101.      0.    166.      0.    171.      4.
 169   1825.   1415.   5841.   2720.  11802.    854.   1.14   4.14   1.00   0.28    483.      0.    205.     65.    236.      0.    353.    103.   762.  1082.   1.00   -102.      0.    167.      0.    170.      6.
 179   1335.   1906.   5841.   5343.  14425.   1011.   1.31   3.03   1.00   0.27    498.      0.    231.     69.    236.      0.    337.     87.   849.  1180.   1.00   -114.      0.    179.      0.    180.      8.
 189    992.   2249.   5841.   6939.  16021.   1159.   1.46   2.25   1.00   0.28    540.      0.    249.     76.    236.      0.    354.    104.   907.  1253.   1.00   -114.      0.    179.      0.    178.      9.
 199    728.   2512.   5071.   8056.  17138.   1313.   1.62   1.65   1.00   0.27    555.      0.    266.     85.    236.      0.    344.     94.   958.  1327.   1.00   -114.      0.    179.      0.    175.     12.
 209    548.   2693.   4143.   8760.  17842.   1455.   1.77   1.24   1.00   0.27    567.      0.    279.     94.    236.      0.    334.     84.  1002.  1402.   1.00   -114.      0.    179.      0.    172.     16.
 219    404.   2837.   3385.   9091.  18173.   1610.   1.94   0.92   1.00   0.26    576.      0.    289.    102.    236.      0.    325.     75.  1036.  1473.   1.00   -114.      0.    179.      0.    169.     18.
 224    356.   2885.   3123.   9160.  18242.   1674.   2.00   0.81   1.00   0.28    606.      0.    292.    108.    236.      0.    345.     95.  1049.  1503.   1.00   -114.      0.    179.      0.    168.     19.


DATA-FILE  WAWI1PTS.OUT


Name of run: WAWW2


Station=  WAGE , Soil=  1, Crop=  1,    Irr.=  0, IOPT=  2, Runof=0.00, CO2=370.

 Planting on day 274, 1974
 Crop emergence on day   0, 1974
 Wageningen, water limit.,winterwheat var.1, RUE=3.0                             

 Crop PRODUCTION AND SOIL WATER STATUS
 =======================================
 DAY   WLVG    WLVD    WST    WSO     TAGB    TSUML   DVS     LAI  TRANRF  SMACT  TRAIN   TIRR  TTRANS   TESOIL    TDRAIN  TRUNOF   WTOT  WAVT   PARAB    PAR    NNI   NMINT    NMIN    NUPT    NFIX    NLIV    NLOSS   
 274     68.      0.     37.      0.    105.      0.   0.00   0.14   1.00   0.30      0.      0.      0.      0.      0.      0.     30.     10.     0.     0.   1.00      0.     30.      0.      0.      8.      0.
 280     68.      0.     37.      0.    105.      0.   0.00   0.14   1.00   0.35     20.      0.      0.      4.      0.      0.     35.     15.     0.    24.   1.00      0.     30.      0.      0.      8.      0.
 283     68.      0.     37.      0.    105.      0.   0.00   0.14   1.00   0.35     27.      0.      0.      6.      0.      0.     35.     15.     0.    32.   1.00      0.     30.      0.      0.      8.      0.
 284     71.      0.     38.      0.    109.      0.   0.00   0.15   1.00   0.35     27.      0.      0.      6.      0.      0.     35.     15.     0.    37.   1.00      0.     29.      0.      0.      9.      0.
 294     81.      0.     44.      0.    125.      0.   0.00   0.26   1.00   0.35     47.      0.      1.     10.      0.      0.     77.     33.     4.    70.   1.00      6.     22.      2.      0.     10.      0.
 304     98.      0.     53.      0.    150.      2.   0.00   0.46   1.00   0.35    114.      0.      2.     16.     34.      0.    119.     51.     8.    91.   1.00     12.     14.      4.      0.     12.      0.
 314    100.      0.     54.      0.    154.      2.   0.00   0.64   1.00   0.35    130.      0.      2.     18.     46.      0.    161.     69.    13.   108.   1.00     19.      7.      4.      0.     12.      0.
 324    123.      0.     66.      0.    190.      2.   0.00   0.81   1.00   0.35    161.      0.      5.     25.     68.      0.    203.     87.    17.   120.   1.00     23.      0.      7.      0.     15.      0.
 334    141.      0.     76.      0.    217.      2.   0.00   0.84   1.00   0.35    205.      0.      7.     29.    107.      0.    245.    105.    21.   131.   1.00     21.      0.      9.      0.     17.      0.
 344    150.      0.     81.      0.    231.      2.   0.00   0.86   1.00   0.35    229.      0.     10.     33.    124.      0.    287.    123.    23.   135.   1.00     20.      0.     10.      0.     18.      0.
 354    157.      0.     84.      0.    241.      2.   0.00   0.88   1.00   0.35    275.      0.     12.     38.    163.      0.    329.    141.    26.   143.   1.00     19.      0.     11.      0.     19.      0.
 364    176.      0.     95.      0.    271.      2.   0.00   0.92   1.00   0.35    319.      0.     16.     44.    196.      0.    371.    159.    29.   151.   1.00     17.      0.     13.      0.     21.      0.
   9    186.      0.    100.      0.    286.      2.   0.00   0.94   1.00   0.35    346.      0.     18.     46.    219.      0.    413.    177.    33.   160.   1.00     15.      0.     15.      0.     23.      0.
  19    209.      0.    112.      0.    321.      2.   0.00   0.99   1.00   0.35    361.      0.     21.     50.    227.      0.    438.    187.    38.   170.   1.00     13.      0.     17.      0.     25.      0.
  29    223.      0.    120.      0.    343.      2.   0.00   1.02   1.00   0.35    403.      0.     24.     54.    262.      0.    438.    187.    44.   184.   1.00     11.      0.     19.      0.     27.      0.
  39    246.      0.    132.      0.    378.      2.   0.00   1.06   1.00   0.35    414.      0.     25.     56.    272.      0.    436.    186.    55.   208.   1.00      8.      0.     22.      0.     30.      0.
  49    250.      0.    135.      0.    384.      4.   0.01   1.07   1.00   0.35    428.      0.     27.     58.    280.      0.    438.    187.    67.   232.   1.00      7.      0.     23.      0.     31.      0.
  59    260.      0.    140.      0.    399.     11.   0.01   1.09   1.00   0.35    433.      0.     30.     60.    285.      0.    434.    184.    87.   274.   1.00      7.      0.     23.      0.     32.      0.
  69    311.      0.    167.      0.    478.     31.   0.04   1.20   1.00   0.35    455.      0.     33.     64.    295.      0.    438.    187.   101.   303.   1.00      2.      0.     28.      0.     36.      0.
  79    322.      0.    173.      0.    495.     45.   0.06   1.23   1.00   0.35    474.      0.     36.     67.    310.      0.    438.    187.   112.   324.   1.00      0.      0.     30.      0.     38.      0.
  89    324.      0.    175.      0.    499.     61.   0.09   1.23   1.00   0.35    510.      0.     40.     72.    336.      0.    438.    187.   135.   369.   1.00      0.      0.     30.      0.     38.      0.
  99    333.      0.    179.      0.    512.     78.   0.11   1.25   1.00   0.35    527.      0.     44.     78.    343.      0.    438.    187.   162.   420.   1.00      0.      0.     30.      0.     38.      0.
 109    395.      0.    211.      0.    606.    125.   0.17   1.38   1.00   0.35    553.      0.     48.     84.    359.      0.    437.    187.   182.   457.   1.00     -1.      0.     31.      0.     40.      0.
 119    772.      0.    382.      0.   1155.    208.   0.29   2.18   1.00   0.34    558.      0.     57.     88.    361.      0.    427.    177.   226.   527.   1.00    -23.      0.     53.      0.     61.      0.
 129   1483.      0.    820.      0.   2303.    305.   0.42   3.69   1.00   0.35    589.      0.     74.     96.    363.      0.    432.    182.   293.   610.   1.00    -22.      0.     87.      0.     96.      0.
 139   2219.     69.   1651.      0.   3939.    422.   0.59   5.23   1.00   0.34    608.      0.     92.     98.    364.      0.    429.    179.   366.   689.   1.00    -53.      0.    118.      0.    126.      0.
 149   2563.    343.   3109.      0.   6015.    527.   0.73   5.90   1.00   0.32    608.      0.    120.     99.    364.      0.    401.    151.   461.   787.   1.00    -72.      0.    137.      0.    144.      2.
 159   2479.    672.   4510.      0.   7662.    624.   0.87   5.67   1.00   0.31    626.      0.    145.    101.    364.      0.    392.    142.   553.   882.   1.00    -83.      0.    148.      0.    153.      3.
 169   2121.   1102.   6235.   1122.  10578.    781.   1.07   4.84   1.00   0.31    651.      0.    178.    103.    364.      0.    381.    131.   652.   985.   1.00    -93.      0.    158.      0.    162.      5.
 179   1543.   1679.   6235.   3718.  13175.    943.   1.24   3.52   1.00   0.32    694.      0.    204.    106.    364.      0.    395.    145.   738.  1079.   1.00    -99.      0.    164.      0.    165.      7.
 189   1141.   2081.   6235.   6148.  15605.   1096.   1.40   2.60   1.00   0.30    704.      0.    229.    112.    364.      0.    375.    125.   822.  1178.   1.00   -105.      0.    170.      0.    170.      9.
 199    796.   2426.   5751.   7565.  17022.   1286.   1.60   1.82   1.00   0.30    732.      0.    249.    121.    364.      0.    374.    124.   882.  1260.   1.00   -105.      0.    170.      0.    167.     11.
 209    580.   2642.   4699.   8246.  17702.   1446.   1.77   1.32   1.00   0.32    787.      0.    261.    131.    364.      0.    405.    155.   925.  1330.   1.00   -105.      0.    170.      0.    163.     15.
 219    396.   2826.   3839.   8785.  18241.   1652.   1.98   0.90   1.00   0.30    794.      0.    278.    146.    364.      0.    380.    130.   981.  1445.   1.00   -105.      0.    170.      0.    160.     18.
 221    379.   2843.   3762.   8805.  18262.   1676.   2.01   0.87   1.00   0.30    794.      0.    280.    148.    364.      0.    377.    127.   985.  1455.   1.00   -105.      0.    170.      0.    160.     18.


DATA-FILE  WAWI1PTS.OUT


Name of run: WAWW2


Station=  WAGE , Soil=  1, Crop=  1,    Irr.=  0, IOPT=  2, Runof=0.00, CO2=370.

 Planting on day 274, 1975
 Crop emergence on day   0, 1975
 Wageningen, water limit.,winterwheat var.1, RUE=3.0                             

 Crop PRODUCTION AND SOIL WATER STATUS
 =======================================
 DAY   WLVG    WLVD    WST    WSO     TAGB    TSUML   DVS     LAI  TRANRF  SMACT  TRAIN   TIRR  TTRANS   TESOIL    TDRAIN  TRUNOF   WTOT  WAVT   PARAB    PAR    NNI   NMINT    NMIN    NUPT    NFIX    NLIV    NLOSS   
 274     68.      0.     37.      0.    105.      0.   0.00   0.14   1.00   0.30      0.      0.      0.      0.      0.      0.     30.     10.     0.     0.   1.00      0.     30.      0.      0.      8.      0.
 279     68.      0.     37.      0.    105.      0.   0.00   0.14   1.00   0.28      2.      0.      0.      4.      0.      0.     28.      8.     0.    19.   1.00      0.     30.      0.      0.      8.      0.
 284     77.      0.     42.      0.    119.      0.   0.00   0.21   1.00   0.30      6.      0.      1.      6.      0.      0.     44.     15.     2.    39.   1.00      2.     26.      2.      0.     10.      0.
 294    100.      0.     54.      0.    155.      0.   0.00   0.39   1.00   0.31     12.      0.      1.      8.      0.      0.     83.     29.     7.    72.   1.00      7.     19.      4.      0.     12.      0.
 304    130.      0.     70.      0.    201.      1.   0.00   0.68   1.00   0.30     13.      0.      2.      9.      0.      0.    118.     40.    12.    93.   1.00     11.     11.      7.      0.     16.      0.
 314    165.      0.     89.      0.    254.      1.   0.00   0.86   1.00   0.33     26.      0.      3.     11.      0.      0.    165.     64.    19.   112.   1.00     14.      4.     12.      0.     20.      0.
 324    170.      0.     92.      0.    262.      1.   0.00   0.87   1.00   0.35     59.      0.      4.     12.      0.      0.    219.     94.    24.   122.   1.00     17.      0.     13.      0.     21.      0.
 334    179.      0.     96.      0.    275.      1.   0.00   0.89   1.00   0.35     99.      0.      5.     14.     17.      0.    262.    112.    30.   137.   1.00     16.      0.     14.      0.     22.      0.
 344    189.      0.    102.      0.    291.      1.   0.00   0.91   1.00   0.35    109.      0.      6.     16.     26.      0.    303.    129.    34.   148.   1.00     14.      0.     16.      0.     24.      0.
 354    191.      0.    103.      0.    294.      1.   0.00   0.92   1.00   0.35    113.      0.      6.     16.     28.      0.    346.    148.    40.   162.   1.00     14.      0.     16.      0.     24.      0.
 364    194.      0.    105.      0.    299.      1.   0.00   0.92   1.00   0.35    121.      0.      8.     17.     35.      0.    387.    165.    42.   167.   1.00     14.      0.     16.      0.     24.      0.
   9    205.      0.    110.      0.    315.      1.   0.00   0.95   1.00   0.35    173.      0.     11.     22.     78.      0.    429.    184.    45.   174.   1.00     13.      0.     17.      0.     26.      0.
  19    218.      0.    117.      0.    336.      1.   0.00   0.97   1.00   0.35    200.      0.     13.     25.    100.      0.    438.    187.    49.   181.   1.00     11.      0.     19.      0.     27.      0.
  29    225.      0.    121.      0.    346.      1.   0.00   0.99   1.00   0.35    221.      0.     15.     28.    115.      0.    437.    187.    55.   196.   1.00     10.      0.     20.      0.     28.      0.
  39    225.      0.    121.      0.    346.      1.   0.00   0.99   1.00   0.35    221.      0.     16.     28.    115.      0.    436.    186.    63.   214.   1.00     10.      0.     20.      0.     28.      0.
  49    227.      0.    122.      0.    349.      3.   0.00   0.99   1.00   0.35    238.      0.     18.     30.    130.      0.    435.    185.    69.   227.   1.00     10.      0.     20.      0.     28.      0.
  59    279.      0.    150.      0.    429.     15.   0.02   1.10   1.00   0.35    239.      0.     20.     32.    130.      0.    432.    182.    82.   255.   1.00      4.      0.     26.      0.     34.      0.
  69    306.      0.    165.      0.    471.     23.   0.03   1.16   1.00   0.34    245.      0.     24.     35.    130.      0.    431.    181.   108.   308.   1.00      1.      0.     29.      0.     37.      0.
  79    317.      0.    171.      0.    487.     37.   0.05   1.18   1.00   0.34    251.      0.     28.     38.    130.      0.    431.    181.   128.   346.   1.00      1.      0.     29.      0.     38.      0.
  89    338.      0.    182.      0.    521.     52.   0.07   1.23   1.00   0.35    267.      0.     34.     41.    131.      0.    436.    186.   156.   402.   1.00      0.      0.     30.      0.     38.      0.
  99    430.      0.    231.      0.    661.     94.   0.13   1.42   1.00   0.34    275.      0.     41.     46.    131.      0.    431.    181.   181.   446.   1.00    -10.      0.     40.      0.     48.      0.
 109    505.      0.    267.      0.    773.    145.   0.20   1.58   1.00   0.33    275.      0.     51.     49.    131.      0.    418.    168.   228.   528.   1.00    -10.      0.     40.      0.     48.      0.
 119    805.      0.    402.      0.   1207.    206.   0.29   2.22   1.00   0.32    275.      0.     69.     52.    131.      0.    398.    148.   290.   619.   1.00    -31.      0.     61.      0.     69.      0.
 129   1206.      0.    652.      0.   1858.    294.   0.41   3.07   1.00   0.30    278.      0.     87.     55.    131.      0.    380.    130.   349.   696.   1.00     -6.      0.     71.      0.     79.      0.
 139   2171.     39.   1784.      0.   3994.    437.   0.61   5.11   1.00   0.28    289.      0.    119.     58.    131.      0.    355.    105.   441.   798.   1.00    -48.      0.    113.      0.    121.      0.
 149   2443.    298.   3246.      0.   5988.    558.   0.77   5.63   1.00   0.27    307.      0.    147.     61.    131.      0.    343.     93.   527.   888.   1.00    -69.      0.    134.      0.    141.      1.
 159   2331.    580.   4644.      0.   7555.    671.   0.93   5.34   1.00   0.27    322.      0.    172.     62.    131.      0.    332.     82.   601.   964.   1.00    -75.      0.    140.      0.    146.      3.
 169   1825.   1093.   5414.   2070.  10403.    843.   1.13   4.18   0.72   0.24    322.      0.    208.     64.    131.      0.    294.     44.   707.  1076.   1.00    -80.      0.    145.      0.    149.      5.
 179   1298.   1620.   5414.   4045.  12377.   1021.   1.32   2.97   0.49   0.23    344.      0.    231.     68.    131.      0.    289.     39.   794.  1175.   1.00    -88.      0.    153.      0.    154.      7.
 189    854.   2064.   5200.   4933.  13265.   1254.   1.57   1.96   0.20   0.21    344.      0.    246.     74.    131.      0.    269.     19.   897.  1308.   1.00    -88.      0.    153.      0.    152.      9.
 199    575.   2343.   4249.   5199.  13532.   1453.   1.78   1.32   1.00   0.21    356.      0.    251.     83.    131.      0.    265.     15.   960.  1409.   1.00    -88.      0.    153.      0.    148.     13.
 209    408.   2509.   3472.   5341.  13673.   1618.   1.95   0.94   0.54   0.21    372.      0.    256.     96.    131.      0.    264.     14.   996.  1481.   1.00    -88.      0.    153.      0.    146.     15.
 214    357.   2561.   3202.   5363.  13696.   1679.   2.01   0.82   0.86   0.21    373.      0.    258.     98.    131.      0.    261.     11.  1008.  1510.   1.00    -88.      0.    153.      0.    145.     16.


DATA-FILE  WAWI1PTS.OUT


Name of run: WAWN3


Station=  WAGE , Soil=  1, Crop=  1,    Irr.=  0, IOPT=  3, Runof=0.00, CO2=370.

 Planting on day 274, 1969
 Crop emergence on day   0, 1969
 Wageningen, water and N limit.,winterwheat var.1, RUE=3.0                       

 Crop PRODUCTION AND SOIL WATER STATUS
 =======================================
 DAY   WLVG    WLVD    WST    WSO     TAGB    TSUML   DVS     LAI  TRANRF  SMACT  TRAIN   TIRR  TTRANS   TESOIL    TDRAIN  TRUNOF   WTOT  WAVT   PARAB    PAR    NNI   NMINT    NMIN    NUPT    NFIX    NLIV    NLOSS   
 274     68.      0.     37.      0.    105.      0.   0.00   0.14   1.00   0.30      0.      0.      0.      0.      0.      0.     30.     10.     0.     0.   0.00      0.     30.      0.      0.      8.      0.
 279     68.      0.     37.      0.    105.      0.   0.00   0.14   1.00   0.27      2.      0.      0.      5.      0.      0.     27.      7.     0.    20.   0.90      0.     30.      0.      0.      8.      0.
 284     87.      2.     50.      0.    139.      0.   0.00   0.25   1.00   0.27      3.      0.      1.      7.      0.      0.     40.     10.     2.    43.   0.95      1.     26.      3.      0.     11.      0.
 294    139.      4.     84.      0.    227.      0.   0.00   0.60   1.00   0.28      4.      0.      1.      9.      0.      0.     75.     21.    10.    78.   0.95      2.     19.      9.      0.     17.      0.
 304    204.      8.    126.      0.    338.      0.   0.00   0.93   1.00   0.29     17.      0.      4.     15.      0.      0.    114.     37.    18.   100.   0.97      1.     11.     18.      0.     26.      0.
 314    228.      9.    140.      0.    378.      0.   0.00   0.98   1.00   0.34     44.      0.      7.     18.      0.      0.    171.     70.    24.   113.   0.99      5.      4.     21.      0.     29.      0.
 324    258.     11.    158.      0.    428.      0.   0.00   1.04   1.00   0.34     68.      0.     10.     23.      0.      0.    216.     90.    30.   127.   0.99      5.      0.     25.      0.     33.      0.
 334    268.     12.    163.      0.    443.      0.   0.00   1.06   1.00   0.35     77.      0.     11.     24.      0.      0.    261.    112.    35.   138.   1.00      4.      0.     26.      0.     35.      0.
 344    268.     12.    164.      0.    444.      0.   0.00   1.06   1.00   0.35     86.      0.     11.     24.      0.      0.    303.    129.    41.   150.   1.00      3.      0.     27.      0.     35.      0.
 354    268.     12.    164.      0.    444.      0.   0.00   1.06   1.00   0.35    101.      0.     12.     24.      2.      0.    345.    148.    45.   157.   1.00      3.      0.     27.      0.     35.      0.
 364    269.     12.    164.      0.    445.      0.   0.00   1.07   1.00   0.35    116.      0.     12.     25.     17.      0.    387.    166.    48.   164.   1.00      3.      0.     27.      0.     35.      0.
   9    269.     12.    164.      0.    445.      0.   0.00   1.07   1.00   0.35    123.      0.     13.     26.     21.      0.    429.    184.    53.   174.   1.00      3.      0.     27.      0.     35.      0.
  19    273.     12.    167.      0.    451.      0.   0.00   1.07   1.00   0.35    134.      0.     13.     26.     32.      0.    437.    187.    56.   181.   1.00      3.      0.     27.      0.     35.      0.
  29    276.     12.    168.      0.    456.      0.   0.00   1.08   1.00   0.35    158.      0.     14.     27.     55.      0.    437.    187.    60.   190.   1.00      3.      0.     27.      0.     36.      0.
  39    278.     12.    169.      0.    459.      0.   0.00   1.08   1.00   0.35    182.      0.     15.     28.     76.      0.    438.    187.    69.   208.   1.00      2.      0.     28.      0.     36.      0.
  49    280.     12.    171.      0.    463.      1.   0.00   1.09   1.00   0.35    208.      0.     16.     30.    100.      0.    438.    187.    81.   233.   1.00      2.      0.     28.      0.     36.      0.
  59    291.     13.    177.      0.    481.      6.   0.01   1.11   1.00   0.35    254.      0.     18.     33.    142.      0.    437.    187.    90.   252.   1.00      1.      0.     29.      0.     37.      0.
  69    291.     13.    177.      0.    481.      8.   0.01   1.11   1.00   0.35    271.      0.     20.     35.    153.      0.    437.    187.   109.   290.   1.00      1.      0.     29.      0.     37.      0.
  79    309.     13.    187.      0.    510.     18.   0.03   1.15   1.00   0.35    279.      0.     23.     39.    156.      0.    436.    186.   128.   329.   0.98      0.      0.     30.      0.     38.      0.
  89    324.     22.    201.      0.    547.     39.   0.05   1.18   1.00   0.35    298.      0.     27.     44.    167.      0.    435.    185.   150.   373.   0.94      0.      0.     30.      0.     38.      0.
  99    326.     32.    209.      0.    566.     57.   0.08   1.18   1.00   0.35    350.      0.     31.     50.    206.      0.    438.    187.   172.   416.   0.95      0.      0.     30.      0.     38.      0.
 109    407.     49.    279.      0.    736.    109.   0.15   1.35   1.00   0.35    370.      0.     38.     58.    214.      0.    435.    185.   198.   465.   0.79      0.      0.     30.      0.     38.      0.
 119    467.    105.    380.      0.    952.    180.   0.25   1.46   1.00   0.35    399.      0.     46.     67.    224.      0.    438.    187.   228.   518.   0.70      0.      0.     30.      0.     38.      1.
 129    792.    179.    785.      0.   1757.    287.   0.40   2.08   1.00   0.34    407.      0.     59.     74.    225.      0.    424.    174.   277.   598.   0.91      6.      0.     59.      0.     67.      1.
 139   1316.    316.   1787.      0.   3419.    433.   0.60   3.09   1.00   0.32    411.      0.     78.     78.    225.      0.    405.    155.   346.   685.   0.61      0.      0.     65.      0.     72.      1.
 149   1291.    582.   2874.      0.   4747.    546.   0.76   3.05   1.00   0.31    419.      0.     98.     81.    225.      0.    390.    140.   412.   763.   0.56      0.      0.     65.      0.     71.      3.
 159   1129.    852.   4543.      0.   6524.    695.   0.97   2.78   1.00   0.29    423.      0.    128.     85.    225.      0.    360.    110.   498.   868.   0.56      0.      0.     65.      0.     70.      4.
 169    705.   1276.   4721.   1941.   8644.    870.   1.16   1.86   0.90   0.27    431.      0.    158.     92.    225.      0.    332.     82.   587.   984.   0.48      0.      0.     65.      0.     68.      5.
 179    349.   1632.   4721.   2935.   9637.   1057.   1.36   1.08   1.00   0.25    438.      0.    179.    101.    225.      0.    309.     59.   648.  1087.   0.21      0.      0.     65.      0.     67.      7.
 189    163.   1818.   4627.   3037.   9740.   1215.   1.53   0.67   1.00   0.27    488.      0.    188.    116.    225.      0.    335.     85.   671.  1146.   0.09      0.      0.     65.      0.     66.      8.
 199     72.   1909.   3780.   3056.   9759.   1379.   1.70   0.42   1.00   0.29    542.      0.    195.    135.    225.      0.    363.    113.   694.  1227.   0.04      0.      0.     65.      0.     63.     10.
 209     32.   1949.   3089.   3056.   9759.   1530.   1.86   0.28   1.00   0.30    570.      0.    199.    153.    225.      0.    369.    119.   705.  1285.   0.02      0.      0.     65.      0.     61.     12.
 218     16.   1965.   2628.   3056.   9759.   1682.   2.02   0.20   1.00   0.29    576.      0.    202.    165.    225.      0.    359.    109.   715.  1361.   0.01      0.      0.     65.      0.     60.     14.


DATA-FILE  WAWI1PTS.OUT


Name of run: WAWN3


Station=  WAGE , Soil=  1, Crop=  1,    Irr.=  0, IOPT=  3, Runof=0.00, CO2=370.

 Planting on day 274, 1970
 Crop emergence on day   0, 1970
 Wageningen, water and N limit.,winterwheat var.1, RUE=3.0                       

 Crop PRODUCTION AND SOIL WATER STATUS
 =======================================
 DAY   WLVG    WLVD    WST    WSO     TAGB    TSUML   DVS     LAI  TRANRF  SMACT  TRAIN   TIRR  TTRANS   TESOIL    TDRAIN  TRUNOF   WTOT  WAVT   PARAB    PAR    NNI   NMINT    NMIN    NUPT    NFIX    NLIV    NLOSS   
 274     68.      0.     37.      0.    105.      0.   0.00   0.14   1.00   0.30      0.      0.      0.      0.      0.      0.     30.     10.     0.     0.   0.00      0.     30.      0.      0.      8.      0.
 279     68.      0.     37.      0.    105.      0.   0.00   0.14   1.00   0.35     23.      0.      0.      7.      0.      0.     35.     15.     0.    15.   0.00      0.     30.      0.      0.      8.      0.
 280     68.      0.     37.      0.    105.      0.   0.00   0.14   1.00   0.35     26.      0.      0.      8.      0.      0.     35.     15.     0.    16.   0.97      0.     30.      0.      0.      8.      0.
 284     76.      0.     41.      0.    117.      0.   0.00   0.20   1.00   0.33     26.      0.      1.      9.      0.      0.     45.     18.     1.    29.   0.95      2.     27.      1.      0.      9.      0.
 294    102.      2.     58.      0.    162.      0.   0.00   0.44   1.00   0.35     54.      0.      1.     13.      0.      0.     89.     38.     6.    61.   0.98      6.     20.      4.      0.     13.      0.
 304    130.      3.     75.      0.    208.      1.   0.00   0.78   1.00   0.35     86.      0.      2.     16.      5.      0.    132.     56.    11.    78.   0.99     10.     12.      8.      0.     16.      0.
 314    163.      5.     95.      0.    264.      1.   0.00   0.85   1.00   0.35    128.      0.      5.     21.     40.      0.    174.     74.    17.    93.   0.98     14.      4.     12.      0.     20.      0.
 324    189.      6.    110.      0.    305.      1.   0.00   0.91   1.00   0.35    155.      0.      7.     26.     59.      0.    216.     92.    23.   107.   0.98     15.      0.     15.      0.     23.      0.
 334    210.      8.    123.      0.    340.      1.   0.00   0.95   1.00   0.35    160.      0.      8.     26.     64.      0.    258.    110.    29.   122.   0.99     12.      0.     18.      0.     26.      0.
 344    222.      9.    130.      0.    361.      1.   0.00   0.98   1.00   0.35    204.      0.      8.     27.    106.      0.    300.    128.    33.   130.   1.00     10.      0.     20.      0.     28.      0.
 354    226.      9.    132.      0.    367.      1.   0.00   0.99   1.00   0.35    208.      0.      9.     28.    109.      0.    342.    146.    36.   136.   1.00     10.      0.     20.      0.     28.      0.
 364    227.      9.    133.      0.    369.      1.   0.00   0.99   1.00   0.35    213.      0.      9.     28.    113.      0.    383.    164.    40.   147.   1.00     10.      0.     20.      0.     29.      0.
   9    227.      9.    133.      0.    369.      1.   0.00   0.99   1.00   0.35    217.      0.      9.     28.    118.      0.    426.    182.    45.   157.   1.00     10.      0.     20.      0.     29.      0.
  19    227.      9.    133.      0.    369.      1.   0.00   0.99   1.00   0.35    223.      0.     10.     28.    123.      0.    438.    187.    50.   168.   1.00      9.      0.     21.      0.     29.      0.
  29    240.      9.    140.      0.    389.      1.   0.00   1.02   1.00   0.35    269.      0.     11.     31.    164.      0.    438.    187.    54.   177.   0.99      8.      0.     22.      0.     30.      0.
  39    250.     10.    146.      0.    405.      2.   0.00   1.04   1.00   0.35    279.      0.     13.     32.    171.      0.    438.    187.    59.   188.   0.99      7.      0.     23.      0.     31.      0.
  49    265.     11.    155.      0.    430.      5.   0.01   1.07   1.00   0.35    298.      0.     14.     34.    187.      0.    438.    187.    69.   210.   1.00      5.      0.     25.      0.     33.      0.
  59    278.     11.    162.      0.    451.     11.   0.01   1.10   1.00   0.35    306.      0.     16.     36.    194.      0.    435.    185.    82.   236.   1.00      4.      0.     26.      0.     35.      0.
  69    278.     11.    162.      0.    451.     11.   0.02   1.10   1.00   0.35    315.      0.     18.     38.    197.      0.    438.    187.   100.   275.   1.00      4.      0.     26.      0.     35.      0.
  79    322.     13.    188.      0.    522.     33.   0.05   1.19   1.00   0.35    339.      0.     23.     45.    209.      0.    437.    187.   119.   313.   0.97      0.      0.     30.      0.     38.      0.
  89    339.     21.    203.      0.    563.     57.   0.08   1.22   1.00   0.35    346.      0.     27.     49.    210.      0.    435.    185.   138.   350.   0.94      0.      0.     30.      0.     38.      0.
  99    392.     39.    251.      0.    682.    100.   0.14   1.33   1.00   0.34    346.      0.     32.     51.    210.      0.    428.    178.   164.   398.   0.84      0.      0.     30.      0.     38.      0.
 109    543.    112.    477.      0.   1132.    161.   0.22   1.61   1.00   0.34    351.      0.     43.     54.    210.      0.    419.    169.   211.   479.   0.57      0.      0.     30.      0.     38.      1.
 119    557.    246.    671.      0.   1475.    238.   0.33   1.64   1.00   0.33    366.      0.     56.     61.    210.      0.    414.    164.   254.   548.   0.54      0.      0.     30.      0.     37.      1.
 129    718.    346.    998.      0.   2062.    337.   0.47   1.96   1.00   0.31    366.      0.     74.     68.    210.      0.    389.    139.   323.   659.   0.94      4.      0.     61.      0.     68.      2.
 139   1179.    468.   2114.      0.   3761.    491.   0.68   2.86   1.00   0.33    415.      0.     93.     77.    210.      0.    410.    160.   391.   746.   0.63      0.      0.     65.      0.     71.      2.
 149   1125.    703.   3338.      0.   5166.    627.   0.87   2.77   1.00   0.32    434.      0.    112.     82.    210.      0.    405.    155.   454.   823.   0.61      0.      0.     65.      0.     70.      3.
 159    833.   1026.   4584.    787.   7230.    786.   1.07   2.16   1.00   0.30    434.      0.    140.     87.    210.      0.    371.    121.   539.   931.   0.61      0.      0.     65.      0.     69.      4.
 169    501.   1358.   4584.   1694.   8137.    920.   1.21   1.43   1.00   0.32    480.      0.    154.     97.    210.      0.    394.    144.   580.   993.   0.43      0.      0.     65.      0.     68.      6.
 179    265.   1594.   4584.   2224.   8667.   1061.   1.36   0.90   1.00   0.33    520.      0.    167.    110.    210.      0.    408.    158.   617.  1067.   0.21      0.      0.     65.      0.     67.      7.
 189    124.   1735.   4492.   2402.   8845.   1220.   1.53   0.56   1.00   0.32    533.      0.    177.    125.    210.      0.    396.    146.   654.  1169.   0.08      0.      0.     65.      0.     66.      7.
 199     54.   1805.   3671.   2423.   8866.   1394.   1.71   0.36   1.00   0.30    533.      0.    185.    134.    210.      0.    379.    129.   679.  1274.   0.04      0.      0.     65.      0.     63.     10.
 209     23.   1836.   2999.   2423.   8866.   1558.   1.88   0.24   1.00   0.31    559.      0.    188.    153.    210.      0.    383.    133.   691.  1344.   0.02      0.      0.     65.      0.     62.     12.
 216     14.   1845.   2657.   2423.   8866.   1669.   2.00   0.19   1.00   0.30    565.      0.    190.    162.    210.      0.    378.    128.   697.  1394.   0.01      0.      0.     65.      0.     61.     13.


DATA-FILE  WAWI1PTS.OUT


Name of run: WAWN3


Station=  WAGE , Soil=  1, Crop=  1,    Irr.=  0, IOPT=  3, Runof=0.00, CO2=370.

 Planting on day 274, 1971
 Crop emergence on day   0, 1971
 Wageningen, water and N limit.,winterwheat var.1, RUE=3.0                       

 Crop PRODUCTION AND SOIL WATER STATUS
 =======================================
 DAY   WLVG    WLVD    WST    WSO     TAGB    TSUML   DVS     LAI  TRANRF  SMACT  TRAIN   TIRR  TTRANS   TESOIL    TDRAIN  TRUNOF   WTOT  WAVT   PARAB    PAR    NNI   NMINT    NMIN    NUPT    NFIX    NLIV    NLOSS   
 274     68.      0.     37.      0.    105.      0.   0.00   0.14   1.00   0.30      0.      0.      0.      0.      0.      0.     30.     10.     0.     0.   0.00      0.     30.      0.      0.      8.      0.
 279     68.      0.     37.      0.    105.      0.   0.00   0.14   1.00   0.27      0.      0.      0.      2.      0.      0.     27.      7.     0.    25.   0.97      0.     30.      0.      0.      8.      0.
 284     79.      1.     43.      0.    123.      0.   0.00   0.22   1.00   0.27      0.      0.      1.      4.      0.      0.     40.     11.     2.    46.   0.96      3.     26.      1.      0.      9.      0.
 294    107.      2.     61.      0.    170.      0.   0.00   0.49   1.00   0.34     23.      0.      2.     10.      0.      0.     91.     38.     7.    78.   0.95      7.     19.      5.      0.     13.      0.
 304    173.      6.    104.      0.    283.      0.   0.00   0.86   1.00   0.32     23.      0.      4.     12.      0.      0.    124.     46.    19.   110.   1.00      5.     11.     14.      0.     22.      0.
 314    209.      8.    126.      0.    342.      1.   0.00   0.93   1.00   0.33     33.      0.      5.     14.      0.      0.    166.     64.    26.   128.   0.97      8.      4.     18.      0.     26.      0.
 324    217.      8.    130.      0.    355.      1.   0.00   0.95   1.00   0.35     53.      0.      7.     16.      0.      0.    219.     93.    32.   142.   1.00     11.      0.     19.      0.     28.      0.
 334    221.      8.    133.      0.    362.      1.   0.00   0.96   1.00   0.35     81.      0.      7.     17.      0.      0.    262.    112.    36.   150.   1.00     10.      0.     20.      0.     28.      0.
 344    226.      9.    136.      0.    370.      1.   0.00   0.97   1.00   0.35     88.      0.      8.     17.      0.      0.    304.    130.    39.   159.   1.00      9.      0.     21.      0.     29.      0.
 354    235.      9.    141.      0.    385.      1.   0.00   0.99   1.00   0.35     94.      0.      8.     18.      5.      0.    346.    148.    42.   165.   1.00      8.      0.     22.      0.     30.      0.
 364    245.     10.    147.      0.    402.      1.   0.00   1.01   1.00   0.35    111.      0.      9.     18.     21.      0.    388.    166.    47.   175.   1.00      7.      0.     23.      0.     31.      0.
   9    246.     10.    147.      0.    404.      1.   0.00   1.01   1.00   0.35    111.      0.      9.     18.     21.      0.    429.    184.    50.   182.   1.00      7.      0.     23.      0.     31.      0.
  19    248.     10.    149.      0.    407.      1.   0.00   1.02   1.00   0.35    116.      0.     11.     19.     25.      0.    436.    186.    55.   192.   1.00      7.      0.     23.      0.     32.      0.
  29    248.     10.    149.      0.    407.      1.   0.00   1.02   1.00   0.35    142.      0.     12.     20.     48.      0.    437.    187.    60.   204.   1.00      7.      0.     23.      0.     32.      0.
  39    258.     10.    154.      0.    423.      1.   0.00   1.04   1.00   0.35    156.      0.     14.     23.     57.      0.    438.    187.    69.   223.   0.99      6.      0.     24.      0.     33.      0.
  49    277.     11.    165.      0.    453.      4.   0.01   1.08   1.00   0.35    168.      0.     16.     24.     66.      0.    437.    187.    79.   245.   0.98      4.      0.     26.      0.     34.      0.
  59    298.     12.    178.      0.    488.     11.   0.02   1.12   1.00   0.35    170.      0.     17.     25.     66.      0.    436.    186.    88.   264.   1.00      1.      0.     29.      0.     37.      0.
  69    352.     20.    216.      0.    588.     28.   0.04   1.23   1.00   0.35    179.      0.     22.     29.     67.      0.    436.    186.   108.   303.   0.87      0.      0.     30.      0.     38.      0.
  79    394.     46.    269.      0.    710.     52.   0.07   1.31   1.00   0.34    186.      0.     29.     34.     72.      0.    427.    177.   138.   360.   0.76      0.      0.     30.      0.     38.      0.
  89    385.     91.    303.      0.    780.     89.   0.12   1.30   1.00   0.35    209.      0.     36.     39.     73.      0.    438.    187.   169.   417.   0.78      0.      0.     30.      0.     38.      1.
  99    435.    140.    392.      0.    967.    145.   0.20   1.39   1.00   0.35    252.      0.     42.     47.    100.      0.    438.    187.   188.   452.   0.70      0.      0.     30.      0.     38.      1.
 109    473.    214.    505.      0.   1192.    198.   0.27   1.46   1.00   0.35    291.      0.     50.     54.    127.      0.    434.    184.   224.   514.   0.64      0.      0.     30.      0.     37.      1.
 119    498.    309.    652.      0.   1459.    249.   0.35   1.51   1.00   0.34    301.      0.     60.     62.    129.      0.    425.    175.   267.   587.   0.59      0.      0.     30.      0.     37.      1.
 129    759.    407.   1138.      0.   2304.    361.   0.50   2.01   1.00   0.33    313.      0.     72.     70.    129.      0.    417.    167.   312.   659.   0.91      3.      0.     62.      0.     69.      2.
 139    991.    486.   1675.      0.   3152.    458.   0.64   2.47   1.00   0.35    368.      0.     83.     76.    146.      0.    438.    187.   354.   715.   0.78      0.      0.     65.      0.     71.      2.
 149   1106.    662.   3053.      0.   4822.    588.   0.82   2.69   1.00   0.35    395.      0.    106.     84.    147.      0.    433.    183.   425.   806.   0.62      0.      0.     65.      0.     71.      3.
 159    962.    854.   4110.     42.   5968.    718.   1.00   2.43   1.00   0.35    422.      0.    125.     91.    147.      0.    434.    184.   477.   872.   0.69      0.      0.     65.      0.     70.      4.
 169    649.   1167.   4122.   1781.   7719.    844.   1.13   1.73   1.00   0.34    439.      0.    144.    101.    147.      0.    422.    172.   545.   966.   0.57      0.      0.     65.      0.     69.      5.
 179    361.   1455.   4122.   2618.   8556.    984.   1.28   1.10   1.00   0.34    474.      0.    159.    112.    151.      0.    428.    178.   589.  1043.   0.25      0.      0.     65.      0.     67.      6.
 189    172.   1644.   4122.   2822.   8760.   1142.   1.45   0.68   1.00   0.34    509.      0.    168.    126.    161.      0.    430.    180.   616.  1108.   0.10      0.      0.     65.      0.     67.      7.
 199     77.   1739.   3651.   2849.   8787.   1295.   1.61   0.43   1.00   0.34    521.      0.    175.    142.    161.      0.    419.    169.   644.  1208.   0.05      0.      0.     65.      0.     65.      8.
 209     31.   1785.   2983.   2849.   8787.   1505.   1.83   0.27   1.00   0.34    541.      0.    180.    156.    161.      0.    419.    169.   659.  1288.   0.02      0.      0.     65.      0.     63.     10.
 219     14.   1802.   2438.   2849.   8787.   1663.   2.00   0.18   1.00   0.34    595.      0.    182.    171.    189.      0.    427.    177.   667.  1348.   0.01      0.      0.     65.      0.     61.     12.
 221     12.   1804.   2389.   2849.   8787.   1682.   2.02   0.18   1.00   0.34    595.      0.    183.    172.    189.      0.    425.    175.   668.  1359.   0.01      0.      0.     65.      0.     61.     12.


DATA-FILE  WAWI1PTS.OUT


Name of run: WAWN3


Station=  WAGE , Soil=  1, Crop=  1,    Irr.=  0, IOPT=  3, Runof=0.00, CO2=370.

 Planting on day 274, 1972
 Crop emergence on day   0, 1972
 Wageningen, water and N limit.,winterwheat var.1, RUE=3.0                       

 Crop PRODUCTION AND SOIL WATER STATUS
 =======================================
 DAY   WLVG    WLVD    WST    WSO     TAGB    TSUML   DVS     LAI  TRANRF  SMACT  TRAIN   TIRR  TTRANS   TESOIL    TDRAIN  TRUNOF   WTOT  WAVT   PARAB    PAR    NNI   NMINT    NMIN    NUPT    NFIX    NLIV    NLOSS   
 274     68.      0.     37.      0.    105.      0.   0.00   0.14   1.00   0.30      0.      0.      0.      0.      0.      0.     30.     10.     0.     0.   0.00      0.     30.      0.      0.      8.      0.
 279     68.      0.     37.      0.    105.      0.   0.00   0.14   1.00   0.27      0.      0.      0.      3.      0.      0.     27.      7.     0.    29.   0.00      0.     30.      0.      0.      8.      0.
 281     68.      0.     37.      0.    105.      0.   0.00   0.14   1.00   0.25      0.      0.      1.      4.      0.      0.     25.      5.     0.    41.   0.98      0.     30.      0.      0.      8.      0.
 284     74.      0.     41.      0.    115.      0.   0.00   0.18   1.00   0.26      0.      0.      1.      5.      0.      0.     32.      7.     1.    53.   0.99      1.     28.      1.      0.      9.      0.
 294     89.      1.     49.      0.    140.      0.   0.00   0.33   1.00   0.27      1.      0.      1.      6.      0.      0.     66.     18.     6.    88.   1.00      7.     20.      3.      0.     11.      0.
 304    122.      3.     70.      0.    195.      2.   0.00   0.64   1.00   0.33     23.      0.      2.      9.      0.      0.    121.     48.    12.   115.   0.94     11.     13.      6.      0.     14.      0.
 314    141.      4.     82.      0.    227.      2.   0.00   0.80   1.00   0.34     34.      0.      3.     10.      0.      0.    166.     69.    16.   125.   0.98     16.      5.      9.      0.     17.      0.
 324    159.      5.     92.      0.    256.      2.   0.00   0.84   1.00   0.35     72.      0.      4.     14.      0.      0.    211.     90.    22.   142.   0.99     18.      0.     12.      0.     20.      0.
 334    167.      6.     97.      0.    270.      2.   0.00   0.85   1.00   0.35     99.      0.      5.     15.     17.      0.    253.    108.    28.   156.   1.00     17.      0.     13.      0.     21.      0.
 344    189.      7.    110.      0.    306.      2.   0.00   0.90   1.00   0.35    112.      0.      6.     17.     26.      0.    295.    126.    34.   169.   0.99     15.      0.     15.      0.     24.      0.
 354    199.      7.    116.      0.    321.      2.   0.00   0.92   1.00   0.35    121.      0.      7.     17.     35.      0.    337.    144.    38.   180.   1.00     13.      0.     17.      0.     25.      0.
 364    199.      7.    116.      0.    322.      2.   0.00   0.92   1.00   0.35    121.      0.      8.     18.     35.      0.    377.    160.    42.   190.   1.00     13.      0.     17.      0.     25.      0.
   9    200.      7.    116.      0.    323.      2.   0.00   0.92   1.00   0.35    122.      0.      8.     18.     35.      0.    420.    179.    46.   200.   1.00     13.      0.     17.      0.     25.      0.
  19    203.      7.    118.      0.    329.      2.   0.00   0.93   1.00   0.35    123.      0.      9.     18.     35.      0.    437.    187.    51.   210.   1.00     13.      0.     17.      0.     26.      0.
  29    210.      8.    122.      0.    339.      2.   0.00   0.94   1.00   0.35    141.      0.     10.     19.     49.      0.    438.    187.    56.   222.   0.98     12.      0.     18.      0.     26.      0.
  39    219.      8.    127.      0.    354.      2.   0.00   0.96   1.00   0.35    151.      0.     11.     21.     58.      0.    438.    187.    61.   235.   0.99     11.      0.     19.      0.     27.      0.
  49    224.      9.    130.      0.    362.      4.   0.01   0.97   1.00   0.35    197.      0.     12.     23.     99.      0.    438.    187.    70.   254.   1.00     10.      0.     20.      0.     28.      0.
  59    229.      9.    133.      0.    371.      9.   0.01   0.98   1.00   0.35    216.      0.     14.     26.    115.      0.    437.    187.    83.   282.   1.00     10.      0.     20.      0.     29.      0.
  69    258.     10.    150.      0.    418.     23.   0.03   1.05   1.00   0.35    231.      0.     16.     29.    124.      0.    436.    186.    98.   317.   0.99      7.      0.     23.      0.     31.      0.
  79    271.     10.    157.      0.    439.     37.   0.05   1.07   1.00   0.35    233.      0.     19.     32.    124.      0.    433.    183.   122.   368.   0.99      6.      0.     24.      0.     32.      0.
  89    302.     11.    175.      0.    488.     70.   0.10   1.14   1.00   0.35    240.      0.     23.     36.    124.      0.    432.    182.   145.   416.   0.98      4.      0.     26.      0.     34.      0.
  99    339.     13.    196.      0.    548.    103.   0.14   1.22   1.00   0.35    288.      0.     29.     44.    154.      0.    437.    187.   172.   469.   1.00      1.      0.     29.      0.     38.      0.
 109    416.     19.    242.      0.    677.    137.   0.19   1.38   1.00   0.35    305.      0.     36.     51.    156.      0.    438.    187.   205.   532.   0.86      0.      0.     30.      0.     38.      0.
 119    551.     73.    399.      0.   1022.    196.   0.27   1.63   1.00   0.35    316.      0.     45.     58.    156.      0.    432.    182.   253.   614.   0.64      0.      0.     30.      0.     38.      0.
 129    730.    161.    697.      0.   1587.    293.   0.41   1.98   1.00   0.35    342.      0.     56.     67.    160.      0.    435.    185.   291.   672.   0.95     12.      0.     53.      0.     61.      1.
 139   1193.    183.   1207.      0.   2583.    389.   0.54   2.93   1.00   0.34    352.      0.     74.     72.    160.      0.    420.    170.   361.   765.   0.80      0.      0.     65.      0.     72.      1.
 149   1452.    401.   2792.      0.   4646.    540.   0.75   3.41   1.00   0.32    367.      0.    101.     79.    160.      0.    401.    151.   446.   864.   0.57      0.      0.     65.      0.     72.      2.
 159   1273.    669.   4132.      0.   6074.    669.   0.93   3.10   1.00   0.32    393.      0.    121.     83.    160.      0.    404.    154.   512.   941.   0.60      0.      0.     65.      0.     71.      3.
 169    893.   1051.   4559.   1587.   8091.    814.   1.10   2.29   1.00   0.30    393.      0.    146.     86.    160.      0.    376.    126.   594.  1043.   0.61      0.      0.     65.      0.     69.      4.
 179    471.   1474.   4559.   3223.   9727.   1003.   1.30   1.35   1.00   0.28    393.      0.    173.     91.    160.      0.    344.     94.   674.  1163.   0.29      0.      0.     65.      0.     67.      6.
 189    213.   1732.   4559.   3672.  10176.   1203.   1.51   0.77   1.00   0.26    406.      0.    191.    106.    160.      0.    325.     75.   725.  1270.   0.12      0.      0.     65.      0.     66.      7.
 199     95.   1850.   3725.   3733.  10237.   1372.   1.69   0.48   1.00   0.26    430.      0.    199.    124.    160.      0.    322.     72.   753.  1359.   0.06      0.      0.     65.      0.     64.     10.
 209     42.   1902.   3044.   3735.  10238.   1524.   1.85   0.32   1.00   0.26    456.      0.    203.    144.    160.      0.    325.     75.   766.  1417.   0.03      0.      0.     65.      0.     62.     12.
 219     19.   1925.   2538.   3735.  10238.   1682.   2.02   0.22   1.00   0.26    475.      0.    206.    161.    160.      0.    323.     73.   775.  1476.   0.01      0.      0.     65.      0.     60.     13.


DATA-FILE  WAWI1PTS.OUT


Name of run: WAWN3


Station=  WAGE , Soil=  1, Crop=  1,    Irr.=  0, IOPT=  3, Runof=0.00, CO2=370.

 Planting on day 274, 1973
 Crop emergence on day   0, 1973
 Wageningen, water and N limit.,winterwheat var.1, RUE=3.0                       

 Crop PRODUCTION AND SOIL WATER STATUS
 =======================================
 DAY   WLVG    WLVD    WST    WSO     TAGB    TSUML   DVS     LAI  TRANRF  SMACT  TRAIN   TIRR  TTRANS   TESOIL    TDRAIN  TRUNOF   WTOT  WAVT   PARAB    PAR    NNI   NMINT    NMIN    NUPT    NFIX    NLIV    NLOSS   
 274     68.      0.     37.      0.    105.      0.   0.00   0.14   1.00   0.30      0.      0.      0.      0.      0.      0.     30.     10.     0.     0.   0.00      0.     30.      0.      0.      8.      0.
 280     68.      0.     37.      0.    105.      0.   0.00   0.14   1.00   0.27      0.      0.      0.      3.      0.      0.     27.      7.     0.    34.   0.97      0.     30.      0.      0.      8.      0.
 284     74.      0.     40.      0.    115.      0.   0.00   0.22   1.00   0.35     20.      0.      1.      5.      0.      0.     47.     20.     1.    41.   0.96      2.     27.      1.      0.      9.      0.
 294     84.      1.     46.      0.    132.      0.   0.00   0.36   1.00   0.35     80.      0.      1.     10.      7.      0.     90.     38.     5.    68.   0.96      9.     20.      2.      0.     10.      0.
 304    111.      2.     63.      0.    177.      1.   0.00   0.65   1.00   0.35     86.      0.      2.     12.     10.      0.    131.     56.    12.    99.   0.98     13.     12.      5.      0.     14.      0.
 314    149.      4.     86.      0.    239.      1.   0.00   0.82   1.00   0.35    105.      0.      3.     14.     26.      0.    173.     73.    20.   119.   0.98     15.      4.     10.      0.     18.      0.
 324    171.      6.    100.      0.    277.      1.   0.00   0.87   1.00   0.35    139.      0.      5.     17.     55.      0.    216.     92.    27.   137.   1.00     17.      0.     13.      0.     22.      0.
 334    176.      6.    102.      0.    285.      1.   0.00   0.88   1.00   0.35    164.      0.      5.     17.     79.      0.    258.    110.    33.   153.   1.00     16.      0.     14.      0.     22.      0.
 344    181.      6.    105.      0.    293.      1.   0.00   0.89   1.00   0.35    193.      0.      5.     18.    107.      0.    300.    128.    38.   166.   1.00     15.      0.     15.      0.     23.      0.
 354    183.      6.    107.      0.    296.      1.   0.00   0.89   1.00   0.35    222.      0.      6.     20.    134.      0.    341.    146.    43.   176.   1.00     15.      0.     15.      0.     23.      0.
 364    188.      7.    109.      0.    304.      1.   0.00   0.90   1.00   0.35    228.      0.      7.     21.    138.      0.    383.    164.    45.   182.   1.00     15.      0.     15.      0.     24.      0.
   9    193.      7.    112.      0.    312.      1.   0.00   0.91   1.00   0.35    242.      0.      8.     22.    150.      0.    426.    182.    49.   192.   0.99     14.      0.     16.      0.     24.      0.
  19    208.      8.    121.      0.    337.      1.   0.00   0.95   1.00   0.35    272.      0.     11.     27.    172.      0.    437.    187.    53.   200.   0.99     12.      0.     18.      0.     26.      0.
  29    221.      8.    128.      0.    358.      1.   0.00   0.97   1.00   0.35    285.      0.     13.     29.    180.      0.    438.    187.    57.   210.   0.99     11.      0.     19.      0.     28.      0.
  39    235.      9.    136.      0.    380.      1.   0.00   1.00   1.00   0.35    293.      0.     15.     31.    185.      0.    438.    187.    65.   227.   1.00      9.      0.     21.      0.     30.      0.
  49    276.     11.    161.      0.    448.      7.   0.01   1.09   1.00   0.35    313.      0.     18.     36.    200.      0.    433.    183.    76.   251.   1.00      4.      0.     26.      0.     35.      0.
  59    282.     12.    164.      0.    457.     12.   0.02   1.10   1.00   0.35    316.      0.     20.     37.    200.      0.    434.    184.    91.   282.   1.00      3.      0.     27.      0.     35.      0.
  69    282.     12.    164.      0.    458.     17.   0.02   1.10   1.00   0.35    335.      0.     23.     39.    213.      0.    435.    185.   104.   309.   1.00      3.      0.     27.      0.     35.      0.
  79    323.     13.    188.      0.    524.     38.   0.05   1.19   1.00   0.35    364.      0.     27.     45.    231.      0.    437.    187.   121.   344.   0.97      0.      0.     30.      0.     38.      0.
  89    421.     34.    277.      0.    732.     81.   0.11   1.38   1.00   0.34    372.      0.     32.     49.    236.      0.    430.    180.   148.   394.   0.75      0.      0.     30.      0.     38.      0.
  99    587.    113.    558.      0.   1258.    150.   0.21   1.68   1.00   0.33    372.      0.     43.     53.    236.      0.    415.    165.   196.   476.   0.50      0.      0.     30.      0.     38.      1.
 109    513.    252.    649.      0.   1414.    207.   0.29   1.55   1.00   0.32    372.      0.     54.     55.    236.      0.    402.    152.   254.   568.   0.55      0.      0.     30.      0.     37.      1.
 119    474.    351.    728.      0.   1553.    258.   0.36   1.49   1.00   0.31    378.      0.     64.     59.    236.      0.    393.    143.   301.   649.   0.59      0.      0.     30.      0.     37.      2.
 129    533.    438.    944.      0.   1915.    337.   0.47   1.60   1.00   0.31    382.      0.     73.     62.    236.      0.    387.    137.   331.   699.   0.98      8.      0.     57.      0.     63.      2.
 139   1072.    496.   1980.      0.   3548.    466.   0.65   2.68   1.00   0.31    415.      0.     92.     69.    236.      0.    393.    143.   398.   792.   0.65      0.      0.     65.      0.     71.      2.
 149   1086.    716.   3350.      0.   5152.    595.   0.83   2.70   1.00   0.30    426.      0.    113.     74.    236.      0.    377.    127.   471.   882.   0.56      0.      0.     65.      0.     70.      3.
 159    910.    932.   4503.     90.   6435.    710.   0.99   2.40   1.00   0.29    440.      0.    135.     82.    236.      0.    361.    111.   551.   983.   0.60      0.      0.     65.      0.     69.      4.
 169    571.   1272.   4513.   1670.   8026.    854.   1.14   1.62   1.00   0.30    483.      0.    155.     91.    236.      0.    376.    126.   620.  1082.   0.53      0.      0.     65.      0.     68.      5.
 179    301.   1541.   4513.   2648.   9004.   1011.   1.31   1.01   1.00   0.29    498.      0.    170.    102.    236.      0.    364.    114.   674.  1180.   0.23      0.      0.     65.      0.     67.      6.
 189    144.   1699.   4513.   2825.   9181.   1159.   1.46   0.64   1.00   0.31    540.      0.    179.    119.    236.      0.    382.    132.   703.  1253.   0.09      0.      0.     65.      0.     66.      7.
 199     64.   1778.   3918.   2846.   9202.   1313.   1.62   0.41   1.00   0.30    555.      0.    185.    135.    236.      0.    375.    125.   723.  1327.   0.04      0.      0.     65.      0.     64.      9.
 209     29.   1814.   3201.   2846.   9202.   1455.   1.77   0.29   1.00   0.29    567.      0.    189.    150.    236.      0.    367.    117.   738.  1402.   0.02      0.      0.     65.      0.     62.     11.
 219     13.   1830.   2616.   2846.   9202.   1610.   1.94   0.20   1.00   0.29    576.      0.    191.    161.    236.      0.    363.    113.   747.  1473.   0.01      0.      0.     65.      0.     61.     13.
 224      9.   1833.   2413.   2846.   9202.   1674.   2.00   0.17   1.00   0.31    606.      0.    192.    169.    236.      0.    383.    133.   751.  1503.   0.01      0.      0.     65.      0.     60.     13.


DATA-FILE  WAWI1PTS.OUT


Name of run: WAWN3


Station=  WAGE , Soil=  1, Crop=  1,    Irr.=  0, IOPT=  3, Runof=0.00, CO2=370.

 Planting on day 274, 1974
 Crop emergence on day   0, 1974
 Wageningen, water and N limit.,winterwheat var.1, RUE=3.0                       

 Crop PRODUCTION AND SOIL WATER STATUS
 =======================================
 DAY   WLVG    WLVD    WST    WSO     TAGB    TSUML   DVS     LAI  TRANRF  SMACT  TRAIN   TIRR  TTRANS   TESOIL    TDRAIN  TRUNOF   WTOT  WAVT   PARAB    PAR    NNI   NMINT    NMIN    NUPT    NFIX    NLIV    NLOSS   
 274     68.      0.     37.      0.    105.      0.   0.00   0.14   1.00   0.30      0.      0.      0.      0.      0.      0.     30.     10.     0.     0.   0.00      0.     30.      0.      0.      8.      0.
 280     68.      0.     37.      0.    105.      0.   0.00   0.14   1.00   0.35     20.      0.      0.      4.      0.      0.     35.     15.     0.    24.   0.00      0.     30.      0.      0.      8.      0.
 283     68.      0.     37.      0.    105.      0.   0.00   0.14   1.00   0.35     27.      0.      0.      6.      0.      0.     35.     15.     0.    32.   0.98      0.     30.      0.      0.      8.      0.
 284     70.      0.     38.      0.    109.      0.   0.00   0.15   1.00   0.35     27.      0.      0.      6.      0.      0.     35.     15.     0.    37.   0.94      1.     29.      0.      0.      8.      0.
 294     80.      1.     44.      0.    125.      0.   0.00   0.25   1.00   0.35     47.      0.      1.     11.      0.      0.     77.     33.     4.    70.   0.99      7.     22.      2.      0.     10.      0.
 304     95.      2.     53.      0.    149.      2.   0.00   0.45   1.00   0.35    114.      0.      2.     16.     34.      0.    119.     51.     8.    91.   1.00     12.     14.      4.      0.     12.      0.
 314     97.      2.     54.      0.    153.      2.   0.00   0.62   1.00   0.35    130.      0.      2.     18.     46.      0.    161.     69.    12.   108.   0.99     20.      7.      4.      0.     12.      0.
 324    118.      3.     67.      0.    188.      2.   0.00   0.80   1.00   0.35    161.      0.      5.     25.     68.      0.    203.     87.    17.   120.   0.99     24.      0.      6.      0.     15.      0.
 334    135.      4.     77.      0.    215.      2.   0.00   0.84   1.00   0.35    205.      0.      7.     29.    107.      0.    245.    105.    21.   131.   0.97     22.      0.      8.      0.     16.      0.
 344    144.      4.     82.      0.    229.      2.   0.00   0.86   1.00   0.35    229.      0.     10.     33.    124.      0.    287.    123.    23.   135.   0.99     20.      0.     10.      0.     18.      0.
 354    150.      5.     85.      0.    239.      2.   0.00   0.87   1.00   0.35    275.      0.     12.     38.    163.      0.    329.    141.    26.   143.   1.00     20.      0.     10.      0.     19.      0.
 364    168.      5.     96.      0.    269.      2.   0.00   0.91   1.00   0.35    319.      0.     16.     44.    196.      0.    371.    159.    29.   151.   0.99     17.      0.     13.      0.     21.      0.
   9    177.      6.    101.      0.    284.      2.   0.00   0.93   1.00   0.35    346.      0.     18.     46.    219.      0.    413.    177.    33.   160.   1.00     16.      0.     14.      0.     22.      0.
  19    198.      7.    113.      0.    319.      2.   0.00   0.97   1.00   0.35    361.      0.     21.     51.    227.      0.    438.    187.    37.   170.   0.99     14.      0.     16.      0.     25.      0.
  29    211.      8.    121.      0.    340.      2.   0.00   1.00   1.00   0.35    403.      0.     24.     55.    262.      0.    438.    187.    43.   184.   1.00     12.      0.     18.      0.     26.      0.
  39    232.      9.    134.      0.    375.      2.   0.00   1.04   1.00   0.35    414.      0.     25.     56.    272.      0.    436.    186.    55.   208.   1.00      9.      0.     21.      0.     29.      0.
  49    236.      9.    136.      0.    381.      4.   0.01   1.05   1.00   0.35    428.      0.     27.     58.    280.      0.    438.    187.    66.   232.   1.00      9.      0.     21.      0.     30.      0.
  59    245.     10.    141.      0.    396.     11.   0.01   1.07   1.00   0.35    433.      0.     30.     60.    285.      0.    434.    184.    86.   274.   1.00      8.      0.     22.      0.     30.      0.
  69    292.     12.    169.      0.    473.     31.   0.04   1.17   1.00   0.35    455.      0.     33.     64.    295.      0.    438.    187.   100.   303.   0.99      3.      0.     27.      0.     35.      0.
  79    303.     12.    175.      0.    490.     45.   0.06   1.19   1.00   0.35    474.      0.     35.     67.    310.      0.    438.    187.   110.   324.   1.00      2.      0.     28.      0.     36.      0.
  89    305.     12.    176.      0.    493.     61.   0.09   1.20   1.00   0.35    510.      0.     39.     73.    336.      0.    438.    187.   133.   369.   1.00      2.      0.     28.      0.     36.      0.
  99    314.     12.    181.      0.    507.     78.   0.11   1.22   1.00   0.35    527.      0.     43.     79.    343.      0.    438.    187.   159.   420.   1.00      2.      0.     28.      0.     36.      0.
 109    374.     13.    212.      0.    599.    125.   0.17   1.34   1.00   0.35    553.      0.     48.     85.    359.      0.    437.    187.   179.   457.   0.95      0.      0.     30.      0.     38.      0.
 119    578.     70.    430.      0.   1078.    208.   0.29   1.73   1.00   0.34    558.      0.     56.     89.    361.      0.    427.    177.   221.   527.   0.61      0.      0.     30.      0.     38.      0.
 129    801.    190.    864.      0.   1855.    305.   0.42   2.15   1.00   0.35    589.      0.     70.    100.    363.      0.    432.    182.   276.   610.   0.94      5.      0.     60.      0.     67.      1.
 139   1264.    284.   1643.      0.   3191.    422.   0.59   3.06   1.00   0.34    608.      0.     84.    106.    364.      0.    429.    179.   339.   689.   0.68      0.      0.     65.      0.     72.      1.
 149   1334.    529.   2859.      0.   4722.    527.   0.73   3.19   1.00   0.32    608.      0.    107.    108.    364.      0.    405.    155.   422.   787.   0.56      0.      0.     65.      0.     71.      2.
 159   1176.    798.   3886.      0.   5860.    624.   0.87   2.92   1.00   0.32    626.      0.    127.    113.    364.      0.    397.    147.   502.   882.   0.56      0.      0.     65.      0.     70.      3.
 169    868.   1137.   5054.    750.   7808.    781.   1.07   2.29   1.00   0.31    651.      0.    153.    120.    364.      0.    389.    139.   585.   985.   0.59      0.      0.     65.      0.     69.      5.
 179    492.   1513.   5054.   2173.   9231.    943.   1.24   1.44   1.00   0.32    694.      0.    171.    130.    364.      0.    404.    154.   648.  1079.   0.39      0.      0.     65.      0.     67.      6.
 189    248.   1757.   5054.   2765.   9824.   1096.   1.40   0.89   1.00   0.31    704.      0.    185.    143.    364.      0.    388.    138.   698.  1178.   0.16      0.      0.     65.      0.     66.      7.
 199    108.   1897.   4662.   2862.   9921.   1286.   1.60   0.53   1.00   0.31    732.      0.    193.    160.    364.      0.    389.    139.   727.  1260.   0.07      0.      0.     65.      0.     65.      9.
 209     47.   1957.   3809.   2866.   9924.   1446.   1.77   0.35   1.00   0.34    787.      0.    198.    178.    364.      0.    422.    172.   742.  1330.   0.03      0.      0.     65.      0.     62.     11.
 219     19.   1985.   3112.   2866.   9924.   1652.   1.98   0.22   1.00   0.32    794.      0.    203.    200.    364.      0.    401.    151.   761.  1445.   0.02      0.      0.     65.      0.     60.     13.
 221     18.   1987.   3050.   2866.   9924.   1676.   2.01   0.21   1.00   0.32    794.      0.    203.    202.    364.      0.    399.    149.   762.  1455.   0.01      0.      0.     65.      0.     60.     13.


DATA-FILE  WAWI1PTS.OUT


Name of run: WAWN3


Station=  WAGE , Soil=  1, Crop=  1,    Irr.=  0, IOPT=  3, Runof=0.00, CO2=370.

 Planting on day 274, 1975
 Crop emergence on day   0, 1975
 Wageningen, water and N limit.,winterwheat var.1, RUE=3.0                       

 Crop PRODUCTION AND SOIL WATER STATUS
 =======================================
 DAY   WLVG    WLVD    WST    WSO     TAGB    TSUML   DVS     LAI  TRANRF  SMACT  TRAIN   TIRR  TTRANS   TESOIL    TDRAIN  TRUNOF   WTOT  WAVT   PARAB    PAR    NNI   NMINT    NMIN    NUPT    NFIX    NLIV    NLOSS   
 274     68.      0.     37.      0.    105.      0.   0.00   0.14   1.00   0.30      0.      0.      0.      0.      0.      0.     30.     10.     0.     0.   0.00      0.     30.      0.      0.      8.      0.
 279     68.      0.     37.      0.    105.      0.   0.00   0.14   1.00   0.28      2.      0.      0.      4.      0.      0.     28.      8.     0.    19.   0.97      0.     30.      0.      0.      8.      0.
 284     76.      1.     42.      0.    119.      0.   0.00   0.20   1.00   0.30      6.      0.      1.      6.      0.      0.     44.     15.     2.    39.   1.00      3.     26.      1.      0.      9.      0.
 294     97.      2.     55.      0.    153.      0.   0.00   0.38   1.00   0.31     12.      0.      1.      8.      0.      0.     83.     29.     7.    72.   0.96      8.     19.      3.      0.     12.      0.
 304    124.      3.     71.      0.    197.      1.   0.00   0.64   1.00   0.30     13.      0.      2.      9.      0.      0.    118.     40.    12.    93.   0.93     12.     11.      6.      0.     15.      0.
 314    153.      5.     90.      0.    248.      1.   0.00   0.80   1.00   0.33     26.      0.      3.     11.      0.      0.    165.     64.    19.   112.   0.98     16.      4.     11.      0.     19.      0.
 324    158.      5.     92.      0.    255.      1.   0.00   0.81   1.00   0.35     59.      0.      3.     12.      0.      0.    219.     94.    23.   122.   1.00     18.      0.     12.      0.     20.      0.
 334    165.      5.     97.      0.    268.      1.   0.00   0.82   1.00   0.35     99.      0.      5.     14.     17.      0.    262.    112.    29.   137.   0.99     17.      0.     13.      0.     21.      0.
 344    174.      6.    102.      0.    282.      1.   0.00   0.84   1.00   0.35    109.      0.      6.     16.     26.      0.    303.    129.    33.   148.   1.00     16.      0.     14.      0.     22.      0.
 354    176.      6.    103.      0.    285.      1.   0.00   0.85   1.00   0.35    113.      0.      6.     16.     28.      0.    346.    148.    38.   162.   1.00     16.      0.     14.      0.     22.      0.
 364    179.      6.    105.      0.    290.      1.   0.00   0.85   1.00   0.35    121.      0.      7.     17.     35.      0.    387.    165.    40.   167.   1.00     16.      0.     14.      0.     23.      0.
   9    188.      7.    110.      0.    305.      1.   0.00   0.87   1.00   0.35    173.      0.     10.     22.     78.      0.    429.    184.    43.   174.   1.00     14.      0.     16.      0.     24.      0.
  19    200.      7.    117.      0.    324.      1.   0.00   0.90   1.00   0.35    200.      0.     12.     25.    100.      0.    438.    187.    46.   181.   1.00     13.      0.     17.      0.     25.      0.
  29    206.      8.    120.      0.    334.      1.   0.00   0.91   1.00   0.35    221.      0.     14.     28.    116.      0.    437.    187.    52.   196.   1.00     12.      0.     18.      0.     26.      0.
  39    206.      8.    120.      0.    334.      1.   0.00   0.91   1.00   0.35    221.      0.     15.     29.    116.      0.    436.    186.    60.   214.   1.00     12.      0.     18.      0.     26.      0.
  49    208.      8.    121.      0.    337.      3.   0.00   0.91   1.00   0.35    238.      0.     17.     31.    130.      0.    435.    185.    65.   227.   1.00     12.      0.     18.      0.     26.      0.
  59    254.     10.    148.      0.    412.     15.   0.02   1.01   1.00   0.35    239.      0.     19.     33.    130.      0.    432.    182.    78.   255.   0.99      7.      0.     23.      0.     31.      0.
  69    277.     11.    163.      0.    451.     23.   0.03   1.06   1.00   0.35    245.      0.     22.     36.    130.      0.    431.    181.   102.   308.   1.00      4.      0.     26.      0.     34.      0.
  79    287.     11.    168.      0.    467.     37.   0.05   1.08   1.00   0.34    251.      0.     26.     39.    130.      0.    431.    181.   120.   346.   0.99      4.      0.     26.      0.     35.      0.
  89    307.     12.    179.      0.    498.     52.   0.07   1.12   1.00   0.35    267.      0.     31.     42.    132.      0.    436.    186.   147.   402.   0.97      3.      0.     27.      0.     35.      0.
  99    375.     25.    229.      0.    629.     94.   0.13   1.26   1.00   0.34    275.      0.     39.     48.    132.      0.    431.    181.   170.   446.   0.88      0.      0.     30.      0.     38.      0.
 109    419.     42.    268.      0.    729.    145.   0.20   1.35   1.00   0.34    275.      0.     47.     51.    132.      0.    419.    169.   213.   528.   0.83      0.      0.     30.      0.     38.      0.
 119    527.    121.    432.      0.   1080.    206.   0.29   1.56   1.00   0.32    275.      0.     63.     54.    132.      0.    401.    151.   267.   619.   0.65      0.      0.     30.      0.     38.      1.
 129    716.    193.    665.      0.   1573.    294.   0.41   1.94   1.00   0.31    278.      0.     76.     58.    132.      0.    386.    136.   314.   696.   0.89     14.      0.     51.      0.     58.      1.
 139   1343.    281.   1723.      0.   3347.    437.   0.61   3.18   1.00   0.29    289.      0.    103.     64.    132.      0.    364.    114.   394.   798.   0.66      0.      0.     65.      0.     72.      1.
 149   1346.    550.   2935.      0.   4832.    558.   0.77   3.19   1.00   0.28    307.      0.    126.     70.    132.      0.    354.    104.   471.   888.   0.59      0.      0.     65.      0.     71.      2.
 159   1170.    806.   3980.      0.   5956.    671.   0.93   2.88   1.00   0.28    322.      0.    146.     75.    132.      0.    344.     94.   535.   964.   0.63      0.      0.     65.      0.     70.      3.
 169    782.   1198.   4580.   1636.   8196.    843.   1.13   2.04   0.95   0.25    322.      0.    178.     79.    132.      0.    308.     58.   623.  1076.   0.59      0.      0.     65.      0.     68.      5.
 179    416.   1564.   4580.   2834.   9394.   1021.   1.32   1.22   0.65   0.24    344.      0.    196.     89.    132.      0.    303.     53.   684.  1175.   0.28      0.      0.     65.      0.     67.      6.
 189    178.   1801.   4399.   3290.   9850.   1254.   1.57   0.67   0.31   0.22    344.      0.    207.    101.    132.      0.    279.     29.   741.  1308.   0.13      0.      0.     65.      0.     65.      8.
 199     76.   1904.   3594.   3344.   9904.   1453.   1.78   0.40   1.00   0.22    356.      0.    211.    116.    132.      0.    271.     21.   770.  1409.   0.06      0.      0.     65.      0.     63.     10.
 209     33.   1947.   2937.   3345.   9905.   1618.   1.95   0.26   0.69   0.21    372.      0.    213.    134.    132.      0.    268.     18.   782.  1481.   0.03      0.      0.     65.      0.     61.     12.
 214     24.   1956.   2709.   3345.   9905.   1679.   2.01   0.22   1.00   0.21    373.      0.    213.    138.    132.      0.    265.     15.   786.  1510.   0.02      0.      0.     65.      0.     60.     13.


DATA-FILE  WAWI1PTS.OUT


Name of run: WAMI1


Station=  WAGE , Soil=  1, Crop=  2,    Irr.=  1, IOPT=  1, Runof=0.00, CO2=370.

 Planting on day 120, 1969
 Crop emergence on day   0, 1969
 Wageningen, irrig.,grain maize var.202, RUE=4.5                                 

 Crop PRODUCTION AND SOIL WATER STATUS
 =======================================
 DAY   WLVG    WLVD    WST    WSO     TAGB    TSUML   DVS     LAI  TRANRF  SMACT  TRAIN   TIRR  TTRANS   TESOIL    TDRAIN  TRUNOF   WTOT  WAVT   PARAB    PAR    NNI   NMINT    NMIN    NUPT    NFIX    NLIV    NLOSS   
 120     19.      0.     11.      0.     30.      0.   0.00   0.05   1.00   0.30      0.      0.      0.      0.      0.      0.     30.     10.     0.     0.   1.00      0.     30.      0.      0.      2.      0.
 130     19.      0.     11.      0.     30.      0.   0.00   0.05   1.00   0.34      7.     14.      0.     17.      0.      0.     34.     14.     0.    71.   1.00     35.     30.      0.      0.      2.      0.
 133     19.      0.     11.      0.     30.      0.   0.00   0.05   1.00   0.31     16.     14.      1.     23.      0.      0.     31.     11.     0.    92.   1.00     35.     30.      0.      0.      2.      0.
 140     43.      0.     26.      0.     69.     54.   0.08   0.12   1.00   0.35     45.     14.      1.     42.      0.      0.     60.     25.     3.   140.   1.00     38.     25.      3.      0.      4.      0.
 150    133.      0.     82.      0.    215.    122.   0.18   0.33   1.00   0.31     63.     14.      4.     64.      0.      0.     91.     32.    11.   226.   1.00     40.     17.      8.      0.     10.      0.
 160    271.      0.    166.      0.    437.    182.   0.26   0.63   1.00   0.32    104.     14.      9.     84.      0.      0.    130.     48.    29.   303.   1.00     38.     10.     17.      0.     19.      0.
 170   1546.      0.   1024.      0.   2570.    300.   0.43   3.17   1.00   0.31    119.     34.     30.    100.      0.      0.    167.     60.    97.   421.   1.00    -34.      2.     97.      0.     99.      0.
 180   2428.     52.   1978.      0.   4458.    391.   0.56   4.70   1.00   0.30    134.     34.     55.    104.      0.      0.    193.     62.   165.   496.   1.00    -82.      0.    147.      0.    148.      0.
 190   3167.    335.   3736.      0.   7238.    493.   0.71   5.70   1.00   0.29    153.     34.     84.    106.      0.      0.    221.     66.   247.   582.   1.00   -121.      0.    186.      0.    186.      2.
 200   3417.    754.   5882.      0.  10053.    595.   0.86   5.79   1.00   0.30    164.     64.    113.    108.      0.      0.    271.     93.   325.   662.   1.00   -136.      0.    201.      0.    199.      4.
 210   3281.   1468.   8959.    311.  14019.    739.   1.05   5.31   1.00   0.28    177.     64.    149.    110.      0.      0.    282.     82.   416.   756.   1.00   -152.      0.    217.      0.    211.      8.
 220   2411.   2574.   9965.   3203.  18153.    890.   1.23   3.82   1.00   0.29    194.     94.    188.    114.      0.      0.    286.     86.   507.   854.   1.00   -167.      0.    232.      0.    221.     14.
 230   1669.   3316.   9965.   6379.  21330.   1026.   1.38   2.65   1.00   0.33    224.    154.    226.    123.      0.      0.    328.    128.   578.   936.   1.00   -174.      0.    239.      0.    224.     18.
 240   1240.   3745.   9965.   7825.  22775.   1115.   1.49   1.97   1.00   0.35    301.    154.    242.    132.     30.      0.    350.    150.   619.   991.   1.00   -174.      0.    239.      0.    221.     20.
 250    926.   4059.   8478.   8866.  23816.   1200.   1.59   1.47   1.00   0.34    306.    154.    253.    137.     32.      0.    337.    137.   661.  1056.   1.00   -174.      0.    239.      0.    214.     27.
 260    658.   4328.   6927.  10003.  24953.   1317.   1.72   1.04   1.00   0.32    307.    154.    263.    141.     32.      0.    325.    125.   693.  1116.   1.00   -174.      0.    239.      0.    208.     34.
 270    497.   4488.   5660.  10406.  25356.   1396.   1.82   0.79   1.00   0.32    316.    154.    269.    147.     32.      0.    321.    121.   716.  1169.   1.00   -174.      0.    239.      0.    202.     39.
 280    389.   4596.   4625.  10568.  25519.   1454.   1.88   0.62   1.00   0.32    319.    154.    274.    152.     32.      0.    316.    116.   732.  1216.   1.00   -174.      0.    239.      0.    198.     43.
 285    345.   4640.   4265.  10653.  25604.   1492.   1.93   0.55   1.00   0.31    320.    154.    275.    152.     32.      0.    314.    114.   738.  1234.   1.00   -174.      0.    239.      0.    197.     45.


DATA-FILE  WAWI1PTS.OUT


Name of run: WAMI1


Station=  WAGE , Soil=  1, Crop=  2,    Irr.=  1, IOPT=  1, Runof=0.00, CO2=370.

 Planting on day 120, 1970
 Crop emergence on day   0, 1970
 Wageningen, irrig.,grain maize var.202, RUE=4.5                                 

 Crop PRODUCTION AND SOIL WATER STATUS
 =======================================
 DAY   WLVG    WLVD    WST    WSO     TAGB    TSUML   DVS     LAI  TRANRF  SMACT  TRAIN   TIRR  TTRANS   TESOIL    TDRAIN  TRUNOF   WTOT  WAVT   PARAB    PAR    NNI   NMINT    NMIN    NUPT    NFIX    NLIV    NLOSS   
 120     19.      0.     11.      0.     30.      0.   0.00   0.05   1.00   0.30      0.      0.      0.      0.      0.      0.     30.     10.     0.     0.   1.00      0.     30.      0.      0.      2.      0.
 130     19.      0.     11.      0.     30.      0.   0.00   0.05   1.00   0.31      6.     13.      1.     17.      0.      0.     31.     11.     0.    84.   1.00     35.     30.      0.      0.      2.      0.
 133     19.      0.     11.      0.     30.      0.   0.00   0.05   1.00   0.24      6.     13.      1.     24.      0.      0.     24.      4.     0.   112.   1.00     35.     30.      0.      0.      2.      0.
 140     34.      0.     21.      0.     55.     50.   0.07   0.09   1.00   0.31     13.     29.      1.     38.      0.      0.     54.     20.     2.   163.   1.00     38.     25.      2.      0.      4.      0.
 150     72.      0.     44.      0.    116.    107.   0.15   0.16   1.00   0.28     21.     29.      2.     52.      0.      0.     83.     24.     7.   243.   1.00     43.     17.      5.      0.      7.      0.
 160    342.      0.    210.      0.    551.    204.   0.29   0.74   1.00   0.32     22.     71.      8.     74.      0.      0.    133.     51.    26.   355.   1.00     35.     10.     21.      0.     22.      0.
 170   1178.      0.    816.      0.   1994.    316.   0.45   2.36   1.00   0.27     31.     71.     27.     90.      0.      0.    143.     37.    93.   473.   1.00     -2.      2.     65.      0.     66.      0.
 180   2295.      2.   2185.      0.   4482.    440.   0.63   4.22   1.00   0.31     38.    127.     55.     98.      0.      0.    205.     74.   174.   567.   1.00    -66.      0.    131.      0.    133.      0.
 190   2820.     82.   3632.      0.   6534.    544.   0.78   4.88   1.00   0.33     88.    127.     80.    102.      0.      0.    255.    100.   235.   632.   1.00    -83.      0.    148.      0.    149.      1.
 200   3079.    314.   5789.      0.   9182.    639.   0.92   5.08   1.00   0.34    142.    127.    107.    104.     15.      0.    304.    126.   307.   708.   1.00   -101.      0.    166.      0.    166.      2.
 210   2909.    782.   7393.    253.  11337.    735.   1.05   4.68   1.00   0.34    171.    127.    131.    107.     18.      0.    342.    142.   363.   767.   1.00   -109.      0.    174.      0.    171.      4.
 220   2275.   1726.   8714.   2384.  15098.    867.   1.20   3.55   1.00   0.32    178.    127.    158.    109.     18.      0.    319.    119.   446.   857.   1.00   -126.      0.    191.      0.    183.      9.
 230   1662.   2338.   8714.   4404.  17118.    966.   1.32   2.60   1.00   0.32    201.    127.    176.    113.     18.      0.    320.    120.   503.   925.   1.00   -135.      0.    200.      0.    190.     13.
 240   1209.   2791.   8714.   6323.  19038.   1066.   1.43   1.89   1.00   0.31    209.    127.    192.    119.     18.      0.    307.    107.   555.   996.   1.00   -135.      0.    200.      0.    187.     15.
 250    891.   3110.   8202.   7873.  20588.   1159.   1.54   1.39   1.00   0.29    212.    127.    205.    124.     18.      0.    291.     91.   599.  1066.   1.00   -135.      0.    200.      0.    184.     19.
 260    662.   3338.   6701.   8451.  21166.   1247.   1.64   1.03   1.00   0.35    286.    127.    214.    134.     18.      0.    346.    146.   621.  1107.   1.00   -135.      0.    200.      0.    178.     25.
 270    504.   3497.   5475.   8911.  21626.   1322.   1.73   0.79   1.00   0.34    287.    127.    218.    138.     18.      0.    339.    139.   645.  1165.   1.00   -135.      0.    200.      0.    173.     30.
 280    383.   3618.   4474.   9211.  21926.   1398.   1.82   0.60   1.00   0.35    323.    127.    222.    146.     31.      0.    350.    150.   658.  1201.   1.00   -135.      0.    200.      0.    169.     34.
 285    351.   3649.   4127.   9228.  21942.   1416.   1.84   0.55   1.00   0.35    324.    127.    223.    148.     31.      0.    349.    149.   661.  1214.   1.00   -135.      0.    200.      0.    167.     35.


DATA-FILE  WAWI1PTS.OUT


Name of run: WAMI1


Station=  WAGE , Soil=  1, Crop=  2,    Irr.=  1, IOPT=  1, Runof=0.00, CO2=370.

 Planting on day 120, 1971
 Crop emergence on day   0, 1971
 Wageningen, irrig.,grain maize var.202, RUE=4.5                                 

 Crop PRODUCTION AND SOIL WATER STATUS
 =======================================
 DAY   WLVG    WLVD    WST    WSO     TAGB    TSUML   DVS     LAI  TRANRF  SMACT  TRAIN   TIRR  TTRANS   TESOIL    TDRAIN  TRUNOF   WTOT  WAVT   PARAB    PAR    NNI   NMINT    NMIN    NUPT    NFIX    NLIV    NLOSS   
 120     19.      0.     11.      0.     30.      0.   0.00   0.05   1.00   0.30      0.      0.      0.      0.      0.      0.     30.     10.     0.     0.   1.00      0.     30.      0.      0.      2.      0.
 130     19.      0.     11.      0.     30.      0.   0.00   0.05   1.00   0.35      7.     28.      1.     25.      0.      0.     35.     15.     0.   104.   1.00     35.     30.      0.      0.      2.      0.
 133     19.      0.     11.      0.     30.      0.   0.00   0.05   1.00   0.27      7.     28.      1.     33.      0.      0.     27.      7.     0.   139.   1.00     35.     30.      0.      0.      2.      0.
 134     19.      0.     11.      0.     30.      0.   0.00   0.05   1.00   0.27     11.     28.      1.     37.      0.      0.     27.      7.     0.   150.   1.00     35.     30.      0.      0.      2.      0.
 140     52.      0.     32.      0.     84.     57.   0.08   0.13   1.00   0.31     49.     28.      1.     52.      0.      0.     50.     18.     2.   196.   1.00     36.     26.      3.      0.      5.      0.
 150    146.      0.     90.      0.    236.    129.   0.19   0.33   1.00   0.31     68.     28.      4.     70.      0.      0.     87.     31.    11.   276.   1.00     37.     18.     10.      0.     12.      0.
 160    722.      0.    442.      0.   1164.    231.   0.33   1.50   1.00   0.33     68.     61.     13.     89.      0.      0.    131.     51.    46.   380.   1.00      7.     10.     48.      0.     50.      0.
 170   1205.      0.    788.      0.   1993.    301.   0.43   2.44   1.00   0.35    127.     61.     27.     99.     12.      0.    182.     78.    88.   441.   1.00    -15.      3.     77.      0.     78.      0.
 180   2032.      0.   1666.      0.   3698.    383.   0.55   3.86   1.00   0.35    166.     61.     47.    105.     24.      0.    224.     96.   148.   512.   1.00    -58.      0.    123.      0.    124.      0.
 190   3125.    119.   3729.      0.   6972.    492.   0.71   5.46   1.00   0.30    167.     61.     82.    108.     24.      0.    230.     78.   252.   624.   1.00   -109.      0.    174.      0.    175.      1.
 200   3383.    542.   5824.      0.   9749.    595.   0.86   5.60   1.00   0.27    168.     61.    114.    109.     24.      0.    239.     63.   346.   721.   1.00   -134.      0.    199.      0.    198.      3.
 210   3352.    914.   7720.     63.  12049.    708.   1.02   5.40   1.00   0.28    196.     61.    138.    112.     24.      0.    284.     84.   411.   789.   1.00   -138.      0.    203.      0.    199.      5.
 220   2643.   1976.   9297.   1662.  15579.    835.   1.17   4.13   1.00   0.28    221.     61.    169.    114.     24.      0.    275.     75.   489.   871.   1.00   -154.      0.    219.      0.    210.     11.
 230   1941.   2696.   9366.   3383.  17385.    935.   1.28   3.03   1.00   0.26    231.     61.    187.    117.     24.      0.    264.     64.   543.   932.   1.00   -162.      0.    227.      0.    214.     15.
 240   1383.   3254.   9366.   5650.  19652.   1051.   1.42   2.16   1.00   0.33    260.    121.    206.    125.     24.      0.    326.    126.   601.  1006.   1.00   -163.      0.    228.      0.    213.     18.
 250   1017.   3620.   8815.   6928.  20931.   1145.   1.53   1.59   1.00   0.31    264.    121.    219.    129.     24.      0.    313.    113.   643.  1069.   1.00   -163.      0.    228.      0.    209.     21.
 260    795.   3842.   7202.   7400.  21402.   1205.   1.60   1.24   1.00   0.30    266.    121.    228.    132.     24.      0.    302.    102.   681.  1136.   1.00   -163.      0.    228.      0.    202.     28.
 270    614.   4023.   5885.   7586.  21588.   1272.   1.67   0.96   1.00   0.30    277.    121.    233.    136.     24.      0.    304.    104.   707.  1189.   1.00   -163.      0.    228.      0.    197.     34.
 280    480.   4157.   4808.   7793.  21795.   1330.   1.74   0.75   1.00   0.30    283.    121.    236.    140.     24.      0.    304.    104.   725.  1234.   1.00   -163.      0.    228.      0.    192.     38.
 285    435.   4202.   4435.   7846.  21848.   1354.   1.77   0.68   1.00   0.30    283.    121.    237.    141.     24.      0.    302.    102.   731.  1249.   1.00   -163.      0.    228.      0.    191.     40.


DATA-FILE  WAWI1PTS.OUT


Name of run: WAMI1


Station=  WAGE , Soil=  1, Crop=  2,    Irr.=  1, IOPT=  1, Runof=0.00, CO2=370.

 Planting on day 120, 1972
 Crop emergence on day   0, 1972
 Wageningen, irrig.,grain maize var.202, RUE=4.5                                 

 Crop PRODUCTION AND SOIL WATER STATUS
 =======================================
 DAY   WLVG    WLVD    WST    WSO     TAGB    TSUML   DVS     LAI  TRANRF  SMACT  TRAIN   TIRR  TTRANS   TESOIL    TDRAIN  TRUNOF   WTOT  WAVT   PARAB    PAR    NNI   NMINT    NMIN    NUPT    NFIX    NLIV    NLOSS   
 120     19.      0.     11.      0.     30.      0.   0.00   0.05   1.00   0.30      0.      0.      0.      0.      0.      0.     30.     10.     0.     0.   1.00      0.     30.      0.      0.      2.      0.
 130     19.      0.     11.      0.     30.      0.   0.00   0.05   1.00   0.26     12.      0.      0.     15.      0.      0.     26.      6.     0.    76.   1.00     35.     30.      0.      0.      2.      0.
 134     19.      0.     11.      0.     30.      0.   0.00   0.05   1.00   0.35     46.      0.      1.     22.      0.      0.     35.     15.     0.    96.   1.00     35.     30.      0.      0.      2.      0.
 140     19.      0.     12.      0.     30.     13.   0.02   0.05   1.00   0.35     69.      0.      1.     33.      0.      0.     56.     24.     1.   127.   1.00     39.     26.      1.      0.      2.      0.
 150     60.      0.     37.      0.     97.     84.   0.12   0.12   1.00   0.35     99.      0.      2.     58.      0.      0.     98.     42.     5.   217.   1.00     43.     18.      4.      0.      6.      0.
 160    139.      0.     85.      0.    224.    157.   0.23   0.32   1.00   0.34    121.      0.      4.     79.      0.      0.    137.     57.    12.   288.   1.00     46.     10.      9.      0.     11.      0.
 170    342.      0.    209.      0.    551.    222.   0.32   0.75   1.00   0.32    138.      0.     10.     99.      0.      0.    166.     62.    38.   384.   1.00     37.      3.     25.      0.     26.      0.
 180    905.      0.    629.      0.   1534.    309.   0.44   1.83   1.00   0.34    179.      0.     21.    114.      1.      0.    216.     88.    74.   458.   1.00     13.      0.     52.      0.     54.      0.
 190   1576.      0.   1395.      0.   2972.    403.   0.58   2.97   1.00   0.33    209.      0.     37.    123.     11.      0.    254.    102.   122.   522.   1.00    -24.      0.     89.      0.     90.      0.
 200   2399.      0.   2958.      0.   5357.    502.   0.72   4.15   1.00   0.31    220.      0.     63.    127.     11.      0.    277.    101.   210.   623.   1.00    -67.      0.    132.      0.    133.      0.
 210   2870.    111.   5063.      0.   8044.    645.   0.93   4.68   1.00   0.35    284.      0.     89.    129.     16.      0.    350.    150.   278.   696.   1.00    -86.      0.    151.      0.    152.      1.
 220   2702.    640.   6970.    415.  10726.    747.   1.06   4.27   1.00   0.33    293.      0.    110.    132.     19.      0.    332.    132.   342.   764.   1.00    -96.      0.    161.      0.    159.      4.
 230   2101.   1441.   7800.   2046.  13388.    859.   1.19   3.26   1.00   0.33    320.      0.    132.    136.     19.      0.    334.    134.   413.   843.   1.00   -109.      0.    174.      0.    168.      8.
 240   1593.   1950.   7806.   3780.  15129.    936.   1.28   2.47   1.00   0.34    341.      0.    147.    140.     19.      0.    336.    136.   467.   909.   1.00   -118.      0.    183.      0.    175.     11.
 250   1205.   2338.   7806.   5647.  16996.   1015.   1.37   1.87   1.00   0.32    341.      0.    161.    143.     19.      0.    319.    119.   528.   993.   1.00   -121.      0.    186.      0.    175.     13.
 260    927.   2616.   7806.   6369.  17718.   1085.   1.45   1.44   1.00   0.34    377.      0.    169.    149.     19.      0.    341.    141.   559.  1042.   1.00   -121.      0.    186.      0.    173.     14.
 270    754.   2789.   7806.   6476.  17825.   1125.   1.50   1.17   1.00   0.34    386.      0.    173.    153.     19.      0.    341.    141.   593.  1104.   1.00   -121.      0.    186.      0.    172.     15.
 280    615.   2928.   6378.   6569.  17918.   1162.   1.54   0.95   1.00   0.34    387.      0.    178.    155.     19.      0.    335.    135.   616.  1154.   1.00   -121.      0.    186.      0.    167.     21.
 285    564.   2979.   5883.   6569.  17918.   1180.   1.56   0.87   1.00   0.33    387.      0.    179.    156.     19.      0.    333.    133.   624.  1172.   1.00   -121.      0.    186.      0.    165.     23.


DATA-FILE  WAWI1PTS.OUT


Name of run: WAMI1


Station=  WAGE , Soil=  1, Crop=  2,    Irr.=  1, IOPT=  1, Runof=0.00, CO2=370.

 Planting on day 120, 1973
 Crop emergence on day   0, 1973
 Wageningen, irrig.,grain maize var.202, RUE=4.5                                 

 Crop PRODUCTION AND SOIL WATER STATUS
 =======================================
 DAY   WLVG    WLVD    WST    WSO     TAGB    TSUML   DVS     LAI  TRANRF  SMACT  TRAIN   TIRR  TTRANS   TESOIL    TDRAIN  TRUNOF   WTOT  WAVT   PARAB    PAR    NNI   NMINT    NMIN    NUPT    NFIX    NLIV    NLOSS   
 120     19.      0.     11.      0.     30.      0.   0.00   0.05   1.00   0.30      0.      0.      0.      0.      0.      0.     30.     10.     0.     0.   1.00      0.     30.      0.      0.      2.      0.
 130     19.      0.     11.      0.     30.      0.   0.00   0.05   1.00   0.33     27.      0.      0.     19.      0.      0.     33.     13.     0.    57.   1.00     35.     30.      0.      0.      2.      0.
 134     19.      0.     11.      0.     30.      0.   0.00   0.05   1.00   0.30     32.      0.      1.     26.      0.      0.     30.     10.     0.    90.   1.00     35.     30.      0.      0.      2.      0.
 139     19.      0.     11.      0.     30.      0.   0.00   0.05   1.00   0.27     35.      0.      1.     33.      0.      0.     27.      7.     0.   146.   1.00     35.     30.      0.      0.      2.      0.
 140     21.      0.     13.      0.     34.      8.   0.01   0.05   1.00   0.27     38.      0.      1.     36.      0.      0.     27.      7.     0.   153.   1.00     35.     29.      1.      0.      2.      0.
 150    113.      0.     69.      0.    182.    101.   0.15   0.26   1.00   0.30     56.     15.      3.     61.      0.      0.     67.     23.     7.   250.   1.00     35.     22.      9.      0.     10.      0.
 160    216.      0.    132.      0.    348.    169.   0.24   0.55   1.00   0.30     76.     15.      7.     76.      0.      0.    103.     35.    25.   329.   1.00     36.     14.     14.      0.     16.      0.
 170    614.      0.    384.      0.    997.    256.   0.37   1.36   1.00   0.27     76.     15.     18.     84.      0.      0.    122.     30.    68.   437.   1.00     24.      7.     34.      0.     36.      0.
 180   2044.      0.   1757.      0.   3801.    390.   0.56   3.91   1.00   0.31     89.     71.     46.     97.      0.      0.    182.     66.   153.   551.   1.00    -55.      0.    120.      0.    122.      0.
 190   3261.    205.   4368.      0.   7834.    526.   0.76   5.62   1.00   0.30     90.    101.     84.    101.      0.      0.    210.     70.   261.   665.   1.00   -116.      0.    181.      0.    182.      2.
 200   3364.    599.   6451.      0.  10415.    633.   0.91   5.56   1.00   0.30    113.    101.    112.    103.      0.      0.    242.     78.   340.   747.   1.00   -132.      0.    197.      0.    196.      4.
 210   3096.   1167.   8083.    203.  12550.    728.   1.04   4.99   1.00   0.30    139.    101.    136.    105.      0.      0.    280.     92.   398.   807.   1.00   -137.      0.    202.      0.    198.      7.
 220   2404.   2107.   9163.   1632.  15307.    845.   1.18   3.79   1.00   0.30    165.    101.    161.    108.      0.      0.    297.     97.   461.   875.   1.00   -151.      0.    216.      0.    206.     12.
 230   1665.   2862.   9224.   5543.  19294.    986.   1.34   2.62   1.00   0.32    166.    161.    194.    114.      0.      0.    318.    118.   550.   979.   1.00   -160.      0.    225.      0.    212.     16.
 240   1212.   3314.   9224.   7261.  21012.   1087.   1.46   1.91   1.00   0.30    166.    161.    213.    119.      0.      0.    295.     95.   612.  1064.   1.00   -160.      0.    225.      0.    209.     18.
 250    867.   3660.   8171.   8448.  22199.   1201.   1.59   1.36   1.00   0.31    192.    161.    223.    125.      0.      0.    306.    106.   644.  1114.   1.00   -160.      0.    225.      0.    204.     23.
 260    647.   3879.   6677.   9208.  22959.   1288.   1.69   1.02   1.00   0.30    197.    161.    231.    131.      0.      0.    297.     97.   678.  1180.   1.00   -160.      0.    225.      0.    197.     30.
 270    492.   4034.   5455.   9553.  23304.   1365.   1.78   0.77   1.00   0.33    244.    161.    236.    139.      0.      0.    331.    131.   695.  1222.   1.00   -160.      0.    225.      0.    192.     35.
 280    385.   4142.   4457.   9740.  23491.   1426.   1.85   0.61   1.00   0.33    253.    161.    238.    144.      0.      0.    332.    132.   711.  1269.   1.00   -160.      0.    225.      0.    188.     39.
 285    347.   4180.   4111.   9769.  23520.   1454.   1.88   0.55   1.00   0.35    272.    161.    239.    146.      0.      0.    348.    148.   713.  1276.   1.00   -160.      0.    225.      0.    187.     40.


DATA-FILE  WAWI1PTS.OUT


Name of run: WAMI1


Station=  WAGE , Soil=  1, Crop=  2,    Irr.=  1, IOPT=  1, Runof=0.00, CO2=370.

 Planting on day 120, 1974
 Crop emergence on day   0, 1974
 Wageningen, irrig.,grain maize var.202, RUE=4.5                                 

 Crop PRODUCTION AND SOIL WATER STATUS
 =======================================
 DAY   WLVG    WLVD    WST    WSO     TAGB    TSUML   DVS     LAI  TRANRF  SMACT  TRAIN   TIRR  TTRANS   TESOIL    TDRAIN  TRUNOF   WTOT  WAVT   PARAB    PAR    NNI   NMINT    NMIN    NUPT    NFIX    NLIV    NLOSS   
 120     19.      0.     11.      0.     30.      0.   0.00   0.05   1.00   0.30      0.      0.      0.      0.      0.      0.     30.     10.     0.     0.   1.00      0.     30.      0.      0.      2.      0.
 130     19.      0.     11.      0.     30.      0.   0.00   0.05   1.00   0.22      1.      0.      0.      8.      0.      0.     22.      2.     0.    57.   1.00     35.     30.      0.      0.      2.      0.
 138     19.      0.     11.      0.     30.      0.   0.00   0.05   1.00   0.26     34.     17.      1.     27.      0.      0.     26.      6.     0.   128.   1.00     35.     30.      0.      0.      2.      0.
 140     32.      0.     19.      0.     51.     23.   0.03   0.08   1.00   0.27     34.     23.      1.     34.      0.      0.     30.      7.     1.   152.   1.00     35.     28.      1.      0.      3.      0.
 150     69.      0.     42.      0.    111.     84.   0.12   0.14   1.00   0.27     45.     31.      2.     56.      0.      0.     64.     17.     7.   243.   1.00     39.     21.      5.      0.      7.      0.
 160    126.      0.     77.      0.    204.    140.   0.20   0.25   1.00   0.35     87.     49.      5.     77.      4.      0.    123.     53.    16.   335.   1.00     42.     14.     10.      0.     11.      0.
 170    406.      0.    249.      0.    654.    229.   0.33   0.83   1.00   0.31    102.     49.     10.     98.     11.      0.    147.     53.    37.   442.   1.00     35.      6.     24.      0.     26.      0.
 180   1333.      0.    961.      0.   2295.    326.   0.47   2.59   1.00   0.30    116.     49.     23.    108.     11.      0.    179.     61.    93.   537.   1.00    -14.      0.     79.      0.     81.      0.
 190   2196.      0.   2029.      0.   4225.    416.   0.60   4.02   1.00   0.33    159.     49.     43.    115.     11.      0.    238.     95.   156.   611.   1.00    -60.      0.    125.      0.    127.      0.
 200   2795.    115.   3353.      0.   6264.    505.   0.73   4.85   1.00   0.32    174.     49.     67.    118.     11.      0.    268.    102.   226.   686.   1.00    -95.      0.    160.      0.    161.      1.
 210   3084.    336.   5016.      0.   8436.    592.   0.85   5.10   1.00   0.31    186.     49.     89.    120.     11.      0.    298.    107.   293.   757.   1.00   -107.      0.    172.      0.    172.      2.
 220   3105.    600.   6539.      9.  10253.    685.   0.99   5.01   1.00   0.30    195.     49.    114.    121.     11.      0.    298.     98.   367.   834.   1.00   -115.      0.    180.      0.    179.      3.
 230   2573.   1458.   8073.    968.  13072.    796.   1.12   4.03   1.00   0.33    252.     49.    135.    124.     11.      0.    331.    131.   432.   904.   1.00   -124.      0.    189.      0.    183.      8.
 240   1971.   2167.   8504.   3265.  15907.    892.   1.23   3.06   1.00   0.32    264.     49.    156.    127.     11.      0.    319.    119.   515.   997.   1.00   -135.      0.    200.      0.    191.     12.
 250   1451.   2687.   8504.   4993.  17635.    985.   1.34   2.25   1.00   0.35    315.     49.    170.    132.     12.      0.    350.    150.   564.  1058.   1.00   -143.      0.    208.      0.    196.     15.
 260   1083.   3056.   8504.   6088.  18730.   1072.   1.44   1.68   1.00   0.34    332.     49.    180.    138.     19.      0.    345.    145.   600.  1110.   1.00   -143.      0.    208.      0.    194.     17.
 270    871.   3268.   8504.   6364.  19006.   1118.   1.49   1.35   1.00   0.35    379.     49.    185.    142.     50.      0.    350.    150.   626.  1154.   1.00   -143.      0.    208.      0.    193.     18.
 280    725.   3413.   7234.   6403.  19045.   1140.   1.52   1.13   1.00   0.35    413.     49.    189.    147.     76.      0.    350.    150.   646.  1191.   1.00   -143.      0.    208.      0.    188.     23.
 285    676.   3463.   6673.   6406.  19048.   1146.   1.52   1.05   1.00   0.35    421.     49.    190.    148.     82.      0.    350.    150.   652.  1205.   1.00   -143.      0.    208.      0.    186.     25.


DATA-FILE  WAWI1PTS.OUT


Name of run: WAMI1


Station=  WAGE , Soil=  1, Crop=  2,    Irr.=  1, IOPT=  1, Runof=0.00, CO2=370.

 Planting on day 120, 1975
 Crop emergence on day   0, 1975
 Wageningen, irrig.,grain maize var.202, RUE=4.5                                 

 Crop PRODUCTION AND SOIL WATER STATUS
 =======================================
 DAY   WLVG    WLVD    WST    WSO     TAGB    TSUML   DVS     LAI  TRANRF  SMACT  TRAIN   TIRR  TTRANS   TESOIL    TDRAIN  TRUNOF   WTOT  WAVT   PARAB    PAR    NNI   NMINT    NMIN    NUPT    NFIX    NLIV    NLOSS   
 120     19.      0.     11.      0.     30.      0.   0.00   0.05   1.00   0.30      0.      0.      0.      0.      0.      0.     30.     10.     0.     0.   1.00      0.     30.      0.      0.      2.      1.
 130     19.      0.     11.      0.     30.      0.   0.00   0.05   1.00   0.31     26.      0.      0.     21.      0.      0.     31.     11.     0.    81.   1.00     35.     30.      0.      0.      2.      1.
 138     19.      0.     11.      0.     30.      0.   0.00   0.05   1.00   0.30     41.      0.      1.     36.      0.      0.     30.     10.     0.   144.   1.00     35.     30.      0.      0.      2.      1.
 140     21.      0.     13.      0.     34.     11.   0.02   0.05   1.00   0.29     41.      0.      1.     38.      0.      0.     32.     10.     1.   161.   1.00     35.     28.      1.      0.      3.      1.
 150     44.      0.     27.      0.     70.     56.   0.08   0.08   1.00   0.32     41.     23.      2.     54.      0.      0.     74.     28.     4.   260.   1.00     41.     21.      3.      0.      4.      1.
 160     85.      0.     52.      0.    137.     98.   0.14   0.15   1.00   0.30     59.     23.      3.     75.      0.      0.    107.     37.     9.   360.   1.00     46.     14.      5.      0.      7.      1.
 170    365.      0.    224.      0.    589.    195.   0.28   0.75   1.00   0.31     84.     23.      7.     94.      0.      0.    145.     51.    27.   456.   1.00     34.      6.     25.      0.     27.      1.
 180   1092.      0.    720.      0.   1813.    295.   0.42   2.19   1.00   0.32    127.     23.     20.    109.      0.      0.    192.     73.    80.   550.   1.00     -3.      0.     68.      0.     70.      1.
 190   2195.      0.   1923.      0.   4117.    398.   0.57   4.08   1.00   0.31    153.     23.     44.    116.      0.      0.    224.     82.   163.   652.   1.00    -61.      0.    126.      0.    128.      1.
 200   2993.    146.   3711.      0.   6850.    523.   0.75   5.18   1.00   0.32    186.     23.     70.    119.      0.      0.    267.    100.   236.   730.   1.00   -100.      0.    165.      0.    166.      1.
 210   3234.    441.   5883.      0.   9558.    622.   0.90   5.33   1.00   0.33    220.     23.     92.    121.      0.      0.    314.    124.   307.   804.   1.00   -116.      0.    181.      0.    180.      3.
 220   3126.   1214.   9415.    706.  14460.    775.   1.10   4.89   1.00   0.29    226.     23.    132.    123.      0.      0.    294.     94.   417.   919.   1.00   -140.      0.    205.      0.    200.      7.
 230   2215.   2257.   9945.   3431.  17848.    927.   1.27   3.43   1.00   0.29    252.     23.    161.    127.      0.      0.    287.     87.   493.  1001.   1.00   -153.      0.    218.      0.    208.     12.
 240   1616.   2856.   9945.   5773.  20189.   1026.   1.39   2.50   1.00   0.29    273.     23.    177.    131.      0.      0.    287.     87.   556.  1077.   1.00   -157.      0.    222.      0.    209.     16.
 250   1159.   3312.   9746.   7705.  22122.   1138.   1.52   1.80   1.00   0.27    277.     23.    190.    135.      0.      0.    275.     75.   605.  1145.   1.00   -157.      0.    222.      0.    205.     19.
 260    867.   3605.   7964.   8634.  23051.   1223.   1.62   1.34   1.00   0.30    315.     23.    199.    142.      0.      0.    296.     96.   642.  1205.   1.00   -157.      0.    222.      0.    198.     26.
 270    649.   3823.   6507.   9282.  23699.   1307.   1.71   1.01   1.00   0.31    343.     23.    206.    149.      0.      0.    312.    112.   670.  1261.   1.00   -157.      0.    222.      0.    192.     32.
 280    489.   3982.   5317.   9687.  24103.   1388.   1.81   0.76   1.00   0.31    349.     23.    210.    156.      0.      0.    305.    105.   687.  1302.   1.00   -157.      0.    222.      0.    187.     37.
 285    455.   4017.   4904.   9707.  24124.   1397.   1.82   0.70   1.00   0.31    354.     23.    211.    158.      0.      0.    308.    108.   693.  1318.   1.00   -157.      0.    222.      0.    185.     39.


DATA-FILE  WAWI1PTS.OUT


Name of run: WAMI1


Station=  WAGE , Soil=  1, Crop=  2,    Irr.=  1, IOPT=  1, Runof=0.00, CO2=370.

 Planting on day 120, 1976
 Crop emergence on day   0, 1976
 Wageningen, irrig.,grain maize var.202, RUE=4.5                                 

 Crop PRODUCTION AND SOIL WATER STATUS
 =======================================
 DAY   WLVG    WLVD    WST    WSO     TAGB    TSUML   DVS     LAI  TRANRF  SMACT  TRAIN   TIRR  TTRANS   TESOIL    TDRAIN  TRUNOF   WTOT  WAVT   PARAB    PAR    NNI   NMINT    NMIN    NUPT    NFIX    NLIV    NLOSS   
 120     19.      0.     11.      0.     30.      0.   0.00   0.05   1.00   0.30      0.      0.      0.      0.      0.      0.     30.     10.     0.     0.   1.00      0.     30.      0.      0.      2.      0.
 130     19.      0.     11.      0.     30.      0.   0.00   0.05   1.00   0.27      2.     15.      1.     21.      0.      0.     27.      7.     0.    80.   1.00     35.     30.      0.      0.      2.      0.
 133     19.      0.     11.      0.     30.      0.   0.00   0.05   1.00   0.30      6.     29.      1.     35.      0.      0.     30.     10.     0.   114.   1.00     35.     30.      0.      0.      2.      0.
 140     31.      0.     19.      0.     49.     43.   0.06   0.09   1.00   0.31     18.     37.      2.     52.      0.      0.     53.     19.     2.   182.   1.00     39.     25.      1.      0.      3.      0.
 150     42.      0.     25.      0.     67.     94.   0.14   0.12   1.00   0.31     32.     47.      3.     72.      0.      0.     90.     31.     8.   269.   1.00     45.     17.      3.      0.      5.      0.
 160     74.      0.     45.      0.    119.    153.   0.22   0.22   1.00   0.30     47.     47.      5.     90.      0.      0.    122.     39.    15.   351.   1.00     50.     10.      5.      0.      6.      0.
 170    569.      0.    354.      0.    923.    264.   0.38   1.23   1.00   0.28     47.     65.     14.    109.      0.      0.    148.     41.    49.   462.   1.00     24.      2.     38.      0.     40.      0.
 180   1561.      0.   1358.      0.   2919.    392.   0.56   2.98   1.00   0.31     69.     95.     35.    121.      0.      0.    202.     72.   114.   560.   1.00    -21.      0.     86.      0.     88.      0.
 190   2991.     58.   4477.      0.   7526.    562.   0.81   4.97   1.00   0.31     69.    155.     89.    129.      0.      0.    237.     83.   234.   693.   1.00    -94.      0.    159.      0.    160.      1.
 200   3329.    343.   7534.     25.  11231.    698.   1.00   5.26   1.00   0.31     84.    185.    123.    133.      0.      0.    281.    103.   322.   785.   1.00   -115.      0.    180.      0.    180.      2.
 210   2692.   1287.   8932.   1085.  13995.    798.   1.12   4.15   1.00   0.30     97.    185.    148.    135.      0.      0.    300.    100.   393.   860.   1.00   -127.      0.    192.      0.    187.      7.
 220   2082.   1981.   9265.   2979.  16307.    882.   1.22   3.19   1.00   0.29    108.    185.    169.    138.      0.      0.    286.     86.   457.   932.   1.00   -137.      0.    202.      0.    193.     11.
 230   1478.   2584.   9265.   6515.  19843.   1000.   1.36   2.26   1.00   0.31    108.    245.    197.    142.      0.      0.    313.    113.   536.  1031.   1.00   -146.      0.    211.      0.    199.     14.
 240   1045.   3018.   9265.   9239.  22567.   1121.   1.50   1.60   1.00   0.29    111.    245.    219.    150.      0.      0.    288.     88.   602.  1126.   1.00   -146.      0.    211.      0.    197.     16.
 250    776.   3287.   7725.  10346.  23674.   1211.   1.60   1.19   1.00   0.30    139.    245.    229.    159.      0.      0.    297.     97.   635.  1185.   1.00   -146.      0.    211.      0.    190.     23.
 260    599.   3464.   6312.  10833.  24161.   1279.   1.68   0.92   1.00   0.29    149.    245.    235.    166.      0.      0.    292.     92.   660.  1239.   1.00   -146.      0.    211.      0.    185.     29.
 270    451.   3611.   5157.  11231.  24559.   1359.   1.77   0.69   1.00   0.29    155.    245.    240.    171.      0.      0.    289.     89.   679.  1287.   1.00   -146.      0.    211.      0.    180.     33.
 280    335.   3728.   4214.  11511.  24839.   1447.   1.88   0.51   1.00   0.29    170.    245.    242.    178.      0.      0.    294.     94.   691.  1327.   1.00   -146.      0.    211.      0.    176.     37.
 285    298.   3764.   3887.  11554.  24882.   1480.   1.91   0.46   1.00   0.30    178.    245.    243.    181.      0.      0.    299.     99.   693.  1337.   1.00   -146.      0.    211.      0.    175.     38.


DATA-FILE  WAWI1PTS.OUT


Name of run: WAMW2


Station=  WAGE , Soil=  1, Crop=  2,    Irr.=  0, IOPT=  2, Runof=0.00, CO2=370.

 Planting on day 120, 1969
 Crop emergence on day   0, 1969
 Wageningen, water limit.,grain maize var.202, RUE=4.5                           

 Crop PRODUCTION AND SOIL WATER STATUS
 =======================================
 DAY   WLVG    WLVD    WST    WSO     TAGB    TSUML   DVS     LAI  TRANRF  SMACT  TRAIN   TIRR  TTRANS   TESOIL    TDRAIN  TRUNOF   WTOT  WAVT   PARAB    PAR    NNI   NMINT    NMIN    NUPT    NFIX    NLIV    NLOSS   
 120     19.      0.     11.      0.     30.      0.   0.00   0.05   1.00   0.30      0.      0.      0.      0.      0.      0.     30.     10.     0.     0.   1.00      0.     30.      0.      0.      2.      0.
 130     19.      0.     11.      0.     30.      0.   0.00   0.05   1.00   0.22      7.      0.      0.     14.      0.      0.     22.      2.     0.    71.   1.00     35.     30.      0.      0.      2.      0.
 133     19.      0.     11.      0.     30.      0.   0.00   0.05   0.78   0.25     16.      0.      1.     20.      0.      0.     25.      5.     0.    92.   1.00     35.     30.      0.      0.      2.      0.
 140     35.      1.     22.      0.     57.     54.   0.08   0.09   1.00   0.33     45.      0.      1.     40.      0.      0.     56.     22.     2.   140.   1.00     38.     25.      2.      0.      4.      0.
 150    106.      1.     65.      0.    172.    122.   0.18   0.26   1.00   0.30     63.      0.      3.     62.      0.      0.     86.     28.     9.   226.   1.00     41.     17.      6.      0.      8.      0.
 160    216.      1.    133.      0.    350.    182.   0.26   0.50   1.00   0.31    104.      0.      7.     82.      0.      0.    129.     47.    24.   303.   1.00     42.     10.     13.      0.     15.      0.
 170   1350.      1.    900.      0.   2250.    300.   0.43   2.75   1.00   0.28    119.      0.     26.     98.      0.      0.    148.     41.    84.   421.   1.00    -22.      2.     84.      0.     86.      0.
 180   2242.     12.   1821.      0.   4075.    391.   0.56   4.31   1.00   0.26    134.      0.     49.    103.      0.      0.    172.     42.   150.   496.   1.00    -69.      0.    134.      0.    136.      0.
 190   3010.    205.   3473.      0.   6687.    493.   0.71   5.38   1.00   0.26    153.      0.     76.    106.      0.      0.    199.     45.   231.   582.   1.00   -108.      0.    173.      0.    173.      1.
 200   3311.    548.   5533.      0.   9392.    595.   0.86   5.58   0.79   0.24    164.      0.    104.    108.      0.      0.    218.     40.   308.   662.   1.00   -123.      0.    188.      0.    187.      3.
 210   3060.   1244.   7903.    255.  12463.    739.   1.05   4.97   0.43   0.24    177.      0.    132.    110.      0.      0.    236.     36.   398.   756.   1.00   -134.      0.    199.      0.    194.      7.
 220   2190.   2259.   8514.   2098.  15061.    890.   1.23   3.51   0.38   0.23    194.      0.    155.    114.      0.      0.    226.     26.   488.   854.   1.00   -143.      0.    208.      0.    197.     12.
 230   1513.   2936.   8514.   3521.  16485.   1026.   1.38   2.42   1.00   0.23    224.      0.    170.    121.      0.      0.    233.     33.   557.   936.   1.00   -146.      0.    211.      0.    197.     16.
 240   1124.   3325.   8514.   4807.  17770.   1115.   1.49   1.80   1.00   0.29    301.      0.    183.    130.      0.      0.    287.     87.   597.   991.   1.00   -146.      0.    211.      0.    195.     18.
 250    840.   3610.   7243.   5796.  18760.   1200.   1.59   1.34   1.00   0.28    306.      0.    194.    136.      0.      0.    277.     77.   636.  1056.   1.00   -146.      0.    211.      0.    189.     24.
 260    596.   3853.   5918.   6868.  19831.   1317.   1.72   0.95   1.00   0.26    307.      0.    203.    140.      0.      0.    265.     65.   667.  1116.   1.00   -146.      0.    211.      0.    183.     30.
 270    451.   3998.   4836.   7245.  20208.   1396.   1.82   0.72   1.00   0.26    316.      0.    208.    146.      0.      0.    261.     61.   688.  1169.   1.00   -146.      0.    211.      0.    179.     34.
 280    353.   4096.   3951.   7396.  20359.   1454.   1.88   0.57   1.00   0.26    319.      0.    212.    151.      0.      0.    256.     56.   703.  1216.   1.00   -146.      0.    211.      0.    175.     38.
 285    313.   4136.   3644.   7475.  20438.   1492.   1.93   0.50   1.00   0.25    320.      0.    213.    152.      0.      0.    255.     55.   708.  1234.   1.00   -146.      0.    211.      0.    174.     39.


DATA-FILE  WAWI1PTS.OUT


Name of run: WAMW2


Station=  WAGE , Soil=  1, Crop=  2,    Irr.=  0, IOPT=  2, Runof=0.00, CO2=370.

 Planting on day 120, 1970
 Crop emergence on day   0, 1970
 Wageningen, water limit.,grain maize var.202, RUE=4.5                           

 Crop PRODUCTION AND SOIL WATER STATUS
 =======================================
 DAY   WLVG    WLVD    WST    WSO     TAGB    TSUML   DVS     LAI  TRANRF  SMACT  TRAIN   TIRR  TTRANS   TESOIL    TDRAIN  TRUNOF   WTOT  WAVT   PARAB    PAR    NNI   NMINT    NMIN    NUPT    NFIX    NLIV    NLOSS   
 120     19.      0.     11.      0.     30.      0.   0.00   0.05   1.00   0.30      0.      0.      0.      0.      0.      0.     30.     10.     0.     0.   1.00      0.     30.      0.      0.      2.      0.
 130     19.      0.     11.      0.     30.      0.   0.00   0.05   0.93   0.23      6.      0.      1.     13.      0.      0.     23.      3.     0.    84.   1.00     35.     30.      0.      0.      2.      0.
 133     19.      0.     11.      0.     30.      0.   0.00   0.05   0.00   0.20      6.      0.      1.     16.      0.      0.     20.      0.     0.   112.   1.00     35.     30.      0.      0.      2.      0.
 140     13.      6.     11.      0.     30.     50.   0.07   0.03   0.00   0.19     13.      0.      1.     23.      0.      0.     19.     -1.     1.   163.   1.00     35.     30.      0.      0.      2.      0.
 150      8.     11.     11.      0.     30.    107.   0.15   0.02   0.00   0.17     21.      0.      1.     33.      0.      0.     17.     -3.     3.   243.   1.00     35.     30.      0.      0.      2.      0.
 160      5.     14.     11.      0.     30.    204.   0.29   0.01   0.00   0.15     22.      0.      1.     36.      0.      0.     15.     -5.     4.   355.   1.00     35.     30.      0.      0.      2.      0.
 170      3.     16.     11.      0.     30.    316.   0.45   0.01   0.00   0.15     31.      0.      1.     45.      0.      0.     15.     -5.     4.   473.   1.00     35.     30.      0.      0.      2.      0.
 180      2.     17.     11.      0.     30.    440.   0.63   0.00   0.00   0.16     38.      0.      1.     52.      0.      0.     16.     -4.     5.   567.   1.00     35.     30.      0.      0.      2.      0.
 190      3.     17.     15.      0.     36.    544.   0.78   0.01   1.00   0.29     88.      0.      1.     75.      0.      0.     54.     17.     5.   632.   1.00     41.     24.      0.      0.      2.      0.
 200      5.     17.     25.      0.     48.    639.   0.92   0.01   1.00   0.33    142.      0.      1.     96.      1.      0.    100.     40.     5.   708.   1.00     48.     16.      0.      0.      2.      0.
 210      6.     18.     35.      2.     61.    735.   1.05   0.01   1.00   0.34    171.      0.      1.    119.      6.      0.    143.     58.     6.   767.   1.00     56.      9.      0.      0.      2.      0.
 220      6.     20.     43.     15.     85.    867.   1.20   0.01   1.00   0.33    178.      0.      1.    134.      6.      0.    177.     68.     6.   857.   1.00     63.      2.      0.      0.      2.      0.
 230      4.     22.     43.     26.     96.    966.   1.32   0.01   1.00   0.34    201.      0.      1.    152.      6.      0.    223.     90.     6.   925.   1.00     65.      0.      0.      0.      2.      0.
 240      3.     23.     43.     35.    104.   1066.   1.43   0.00   1.00   0.33    209.      0.      1.    167.      6.      0.    260.    103.     7.   996.   1.00     65.      0.      0.      0.      2.      0.
 250      2.     24.     41.     41.    110.   1159.   1.54   0.00   1.00   0.33    212.      0.      1.    177.      6.      0.    294.    113.     7.  1066.   1.00     65.      0.      0.      0.      2.      0.
 260      2.     24.     33.     43.    112.   1247.   1.64   0.00   1.00   0.35    286.      0.      1.    195.     40.      0.    350.    150.     7.  1107.   1.00     65.      0.      0.      0.      2.      0.
 270      1.     25.     27.     44.    114.   1322.   1.73   0.00   1.00   0.34    287.      0.      1.    201.     40.      0.    344.    144.     7.  1165.   1.00     65.      0.      0.      0.      2.      0.
 280      1.     25.     22.     45.    115.   1398.   1.82   0.00   1.00   0.35    323.      0.      1.    212.     60.      0.    350.    150.     7.  1201.   1.00     65.      0.      0.      0.      2.      1.
 285      1.     25.     21.     45.    115.   1416.   1.84   0.00   1.00   0.35    324.      0.      1.    214.     60.      0.    349.    149.     7.  1214.   1.00     65.      0.      0.      0.      2.      1.


DATA-FILE  WAWI1PTS.OUT


Name of run: WAMW2


Station=  WAGE , Soil=  1, Crop=  2,    Irr.=  0, IOPT=  2, Runof=0.00, CO2=370.

 Planting on day 120, 1971
 Crop emergence on day   0, 1971
 Wageningen, water limit.,grain maize var.202, RUE=4.5                           

 Crop PRODUCTION AND SOIL WATER STATUS
 =======================================
 DAY   WLVG    WLVD    WST    WSO     TAGB    TSUML   DVS     LAI  TRANRF  SMACT  TRAIN   TIRR  TTRANS   TESOIL    TDRAIN  TRUNOF   WTOT  WAVT   PARAB    PAR    NNI   NMINT    NMIN    NUPT    NFIX    NLIV    NLOSS   
 120     19.      0.     11.      0.     30.      0.   0.00   0.05   1.00   0.30      0.      0.      0.      0.      0.      0.     30.     10.     0.     0.   1.00      0.     30.      0.      0.      2.      0.
 130     19.      0.     11.      0.     30.      0.   0.00   0.05   0.65   0.22      7.      0.      0.     15.      0.      0.     22.      2.     0.   104.   1.00     35.     30.      0.      0.      2.      0.
 133     19.      0.     11.      0.     30.      0.   0.00   0.05   0.00   0.15      7.      0.      0.     22.      0.      0.     15.     -5.     0.   139.   1.00     35.     30.      0.      0.      2.      0.
 134     19.      0.     11.      0.     30.      0.   0.00   0.05   0.00   0.19     11.      0.      0.     22.      0.      0.     19.     -1.     0.   150.   1.00     35.     30.      0.      0.      2.      0.
 140     35.      2.     23.      0.     60.     57.   0.08   0.09   1.00   0.31     49.      0.      1.     37.      0.      0.     46.     16.     2.   196.   1.00     38.     26.      1.      0.      3.      0.
 150    102.      2.     64.      0.    167.    129.   0.19   0.23   1.00   0.30     68.      0.      2.     56.      0.      0.     81.     27.     8.   276.   1.00     40.     19.      6.      0.      8.      0.
 160    540.      2.    332.      0.    874.    231.   0.33   1.12   1.00   0.25     68.      0.      9.     70.      0.      0.     98.     20.    34.   380.   1.00     19.     11.     35.      0.     37.      0.
 170    953.      2.    628.      0.   1582.    301.   0.43   1.92   1.00   0.34    127.      0.     21.     82.      0.      0.    171.     70.    71.   441.   1.00      2.      4.     59.      0.     61.      0.
 180   1714.      2.   1437.      0.   3152.    383.   0.55   3.23   1.00   0.35    166.      0.     39.     89.      0.      0.    218.     92.   125.   512.   1.00    -38.      0.    103.      0.    105.      0.
 190   2851.     38.   3438.      0.   6327.    492.   0.71   4.91   1.00   0.30    167.      0.     72.     93.      0.      0.    221.     71.   226.   624.   1.00    -91.      0.    156.      0.    158.      0.
 200   3231.    330.   5509.      0.   9071.    595.   0.86   5.27   1.00   0.26    168.      0.    103.     95.      0.      0.    227.     54.   319.   721.   1.00   -119.      0.    184.      0.    184.      2.
 210   3274.    627.   7393.     62.  11356.    708.   1.02   5.20   1.00   0.27    196.      0.    127.     97.      0.      0.    269.     71.   384.   789.   1.00   -123.      0.    188.      0.    187.      3.
 220   2587.   1665.   8961.   1652.  14864.    835.   1.17   3.99   1.00   0.26    221.      0.    157.    100.      0.      0.    264.     64.   462.   871.   1.00   -139.      0.    204.      0.    197.      9.
 230   1900.   2369.   9029.   3355.  16653.    935.   1.28   2.93   1.00   0.25    231.      0.    175.    103.      0.      0.    253.     53.   515.   932.   1.00   -147.      0.    212.      0.    202.     13.
 240   1353.   2916.   9029.   5591.  18889.   1051.   1.42   2.09   1.00   0.26    260.      0.    193.    111.      0.      0.    255.     55.   572.  1006.   1.00   -149.      0.    214.      0.    201.     15.
 250    995.   3274.   8498.   6846.  20144.   1145.   1.53   1.53   1.00   0.24    264.      0.    207.    116.      0.      0.    242.     42.   614.  1069.   1.00   -149.      0.    214.      0.    197.     19.
 260    778.   3491.   6943.   7307.  20605.   1205.   1.60   1.20   1.00   0.23    266.      0.    215.    119.      0.      0.    232.     32.   651.  1136.   1.00   -149.      0.    214.      0.    190.     26.
 270    601.   3668.   5673.   7488.  20786.   1272.   1.67   0.93   1.00   0.23    277.      0.    220.    123.      0.      0.    234.     34.   676.  1189.   1.00   -149.      0.    214.      0.    185.     31.
 280    470.   3799.   4635.   7690.  20988.   1330.   1.74   0.72   1.00   0.23    283.      0.    223.    127.      0.      0.    233.     33.   694.  1234.   1.00   -149.      0.    214.      0.    181.     35.
 285    426.   3843.   4276.   7742.  21040.   1354.   1.77   0.66   1.00   0.23    283.      0.    224.    127.      0.      0.    231.     31.   699.  1249.   1.00   -149.      0.    214.      0.    180.     37.


DATA-FILE  WAWI1PTS.OUT


Name of run: WAMW2


Station=  WAGE , Soil=  1, Crop=  2,    Irr.=  0, IOPT=  2, Runof=0.00, CO2=370.

 Planting on day 120, 1972
 Crop emergence on day   0, 1972
 Wageningen, water limit.,grain maize var.202, RUE=4.5                           

 Crop PRODUCTION AND SOIL WATER STATUS
 =======================================
 DAY   WLVG    WLVD    WST    WSO     TAGB    TSUML   DVS     LAI  TRANRF  SMACT  TRAIN   TIRR  TTRANS   TESOIL    TDRAIN  TRUNOF   WTOT  WAVT   PARAB    PAR    NNI   NMINT    NMIN    NUPT    NFIX    NLIV    NLOSS   
 120     19.      0.     11.      0.     30.      0.   0.00   0.05   1.00   0.30      0.      0.      0.      0.      0.      0.     30.     10.     0.     0.   1.00      0.     30.      0.      0.      2.      0.
 130     19.      0.     11.      0.     30.      0.   0.00   0.05   1.00   0.26     12.      0.      0.     15.      0.      0.     26.      6.     0.    76.   1.00     35.     30.      0.      0.      2.      0.
 134     19.      0.     11.      0.     30.      0.   0.00   0.05   1.00   0.35     46.      0.      1.     22.      0.      0.     35.     15.     0.    96.   1.00     35.     30.      0.      0.      2.      0.
 140     19.      0.     12.      0.     30.     13.   0.02   0.05   1.00   0.35     69.      0.      1.     33.      0.      0.     56.     24.     1.   127.   1.00     39.     26.      1.      0.      2.      0.
 150     60.      0.     37.      0.     97.     84.   0.12   0.12   1.00   0.35     99.      0.      2.     58.      0.      0.     98.     42.     5.   217.   1.00     43.     18.      4.      0.      6.      0.
 160    139.      0.     85.      0.    224.    157.   0.23   0.32   1.00   0.34    121.      0.      4.     79.      0.      0.    137.     57.    12.   288.   1.00     46.     10.      9.      0.     11.      0.
 170    342.      0.    209.      0.    551.    222.   0.32   0.75   1.00   0.32    138.      0.     10.     99.      0.      0.    166.     62.    38.   384.   1.00     37.      3.     25.      0.     26.      0.
 180    905.      0.    629.      0.   1534.    309.   0.44   1.83   1.00   0.34    179.      0.     21.    114.      1.      0.    216.     88.    74.   458.   1.00     13.      0.     52.      0.     54.      0.
 190   1576.      0.   1395.      0.   2972.    403.   0.58   2.97   1.00   0.33    209.      0.     37.    123.     11.      0.    254.    102.   122.   522.   1.00    -24.      0.     89.      0.     90.      0.
 200   2399.      0.   2958.      0.   5357.    502.   0.72   4.15   1.00   0.31    220.      0.     63.    127.     11.      0.    277.    101.   210.   623.   1.00    -67.      0.    132.      0.    133.      0.
 210   2870.    111.   5063.      0.   8044.    645.   0.93   4.68   1.00   0.35    284.      0.     89.    129.     16.      0.    350.    150.   278.   696.   1.00    -86.      0.    151.      0.    152.      1.
 220   2702.    640.   6970.    415.  10726.    747.   1.06   4.27   1.00   0.33    293.      0.    110.    132.     19.      0.    332.    132.   342.   764.   1.00    -96.      0.    161.      0.    159.      4.
 230   2101.   1441.   7800.   2046.  13388.    859.   1.19   3.26   1.00   0.33    320.      0.    132.    136.     19.      0.    334.    134.   413.   843.   1.00   -109.      0.    174.      0.    168.      8.
 240   1593.   1950.   7806.   3780.  15129.    936.   1.28   2.47   1.00   0.34    341.      0.    147.    140.     19.      0.    336.    136.   467.   909.   1.00   -118.      0.    183.      0.    175.     11.
 250   1205.   2338.   7806.   5647.  16996.   1015.   1.37   1.87   1.00   0.32    341.      0.    161.    143.     19.      0.    319.    119.   528.   993.   1.00   -120.      0.    185.      0.    175.     13.
 260    927.   2616.   7806.   6369.  17718.   1085.   1.45   1.44   1.00   0.34    377.      0.    169.    149.     19.      0.    341.    141.   559.  1042.   1.00   -120.      0.    185.      0.    173.     14.
 270    754.   2789.   7806.   6476.  17825.   1125.   1.50   1.17   1.00   0.34    386.      0.    173.    153.     19.      0.    341.    141.   593.  1104.   1.00   -120.      0.    185.      0.    172.     15.
 280    615.   2928.   6378.   6569.  17918.   1162.   1.54   0.95   1.00   0.34    387.      0.    178.    155.     19.      0.    335.    135.   616.  1154.   1.00   -120.      0.    185.      0.    167.     21.
 285    564.   2979.   5883.   6569.  17918.   1180.   1.56   0.87   1.00   0.33    387.      0.    179.    156.     19.      0.    333.    133.   624.  1172.   1.00   -120.      0.    185.      0.    165.     23.


DATA-FILE  WAWI1PTS.OUT


Name of run: WAMW2


Station=  WAGE , Soil=  1, Crop=  2,    Irr.=  0, IOPT=  2, Runof=0.00, CO2=370.

 Planting on day 120, 1973
 Crop emergence on day   0, 1973
 Wageningen, water limit.,grain maize var.202, RUE=4.5                           

 Crop PRODUCTION AND SOIL WATER STATUS
 =======================================
 DAY   WLVG    WLVD    WST    WSO     TAGB    TSUML   DVS     LAI  TRANRF  SMACT  TRAIN   TIRR  TTRANS   TESOIL    TDRAIN  TRUNOF   WTOT  WAVT   PARAB    PAR    NNI   NMINT    NMIN    NUPT    NFIX    NLIV    NLOSS   
 120     19.      0.     11.      0.     30.      0.   0.00   0.05   1.00   0.30      0.      0.      0.      0.      0.      0.     30.     10.     0.     0.   1.00      0.     30.      0.      0.      2.      0.
 130     19.      0.     11.      0.     30.      0.   0.00   0.05   1.00   0.33     27.      0.      0.     19.      0.      0.     33.     13.     0.    57.   1.00     35.     30.      0.      0.      2.      0.
 134     19.      0.     11.      0.     30.      0.   0.00   0.05   1.00   0.30     32.      0.      1.     26.      0.      0.     30.     10.     0.    90.   1.00     35.     30.      0.      0.      2.      0.
 139     19.      0.     11.      0.     30.      0.   0.00   0.05   1.00   0.27     35.      0.      1.     33.      0.      0.     27.      7.     0.   146.   1.00     35.     30.      0.      0.      2.      0.
 140     21.      0.     13.      0.     34.      8.   0.01   0.05   1.00   0.27     38.      0.      1.     36.      0.      0.     27.      7.     0.   153.   1.00     35.     29.      1.      0.      2.      0.
 150    102.      1.     63.      0.    167.    101.   0.15   0.24   1.00   0.26     56.      0.      3.     58.      0.      0.     57.     13.     7.   250.   1.00     36.     22.      8.      0.      9.      0.
 160    197.      1.    122.      0.    320.    169.   0.24   0.50   1.00   0.28     76.      0.      7.     73.      0.      0.     95.     27.    24.   329.   1.00     38.     14.     13.      0.     15.      0.
 170    572.      1.    358.      0.    931.    256.   0.37   1.27   0.96   0.25     76.      0.     16.     81.      0.      0.    114.     22.    64.   437.   1.00     26.      7.     32.      0.     34.      0.
 180   1199.    172.   1098.      0.   2469.    390.   0.56   2.36   0.86   0.24     89.      0.     32.     88.      0.      0.    141.     25.   140.   551.   1.00    -11.      0.     76.      0.     76.      1.
 190   1595.    471.   2338.      0.   4404.    526.   0.76   2.83   0.40   0.22     90.      0.     49.     95.      0.      0.    153.     13.   232.   665.   1.00    -35.      0.    100.      0.     99.      3.
 200   1716.    651.   3646.      0.   6014.    633.   0.91   2.88   0.93   0.23    113.      0.     65.    103.      0.      0.    191.     27.   298.   747.   1.00    -44.      0.    109.      0.    107.      4.
 210   1779.    842.   5021.    177.   7818.    728.   1.04   2.87   1.00   0.24    139.      0.     84.    110.      0.      0.    228.     40.   348.   807.   1.00    -51.      0.    116.      0.    114.      5.
 220   1433.   1393.   5916.   1328.  10070.    845.   1.18   2.24   1.00   0.24    165.      0.    103.    118.      0.      0.    245.     45.   402.   875.   1.00    -63.      0.    128.      0.    122.      8.
 230    994.   1843.   5966.   3484.  12288.    986.   1.34   1.55   0.67   0.22    166.      0.    120.    123.      0.      0.    223.     23.   473.   979.   1.00    -72.      0.    137.      0.    128.     10.
 240    719.   2119.   5966.   4210.  13014.   1087.   1.46   1.12   0.66   0.21    166.      0.    127.    127.      0.      0.    212.     12.   519.  1064.   1.00    -72.      0.    137.      0.    127.     12.
 250    514.   2324.   5285.   5018.  13821.   1201.   1.59   0.80   1.00   0.22    192.      0.    134.    135.      0.      0.    224.     24.   542.  1114.   1.00    -72.      0.    137.      0.    124.     15.
 260    384.   2454.   4318.   5470.  14274.   1288.   1.69   0.60   1.00   0.22    197.      0.    138.    142.      0.      0.    217.     17.   564.  1180.   1.00    -72.      0.    137.      0.    120.     19.
 270    292.   2546.   3528.   5696.  14500.   1365.   1.78   0.46   1.00   0.25    244.      0.    141.    152.      0.      0.    251.     51.   576.  1222.   1.00    -72.      0.    137.      0.    116.     22.
 280    228.   2610.   2883.   5816.  14619.   1426.   1.85   0.36   1.00   0.25    253.      0.    143.    158.      0.      0.    252.     52.   586.  1269.   1.00    -72.      0.    137.      0.    114.     25.
 285    206.   2632.   2659.   5834.  14638.   1454.   1.88   0.32   1.00   0.27    272.      0.    143.    160.      0.      0.    269.     69.   587.  1276.   1.00    -72.      0.    137.      0.    113.     26.


DATA-FILE  WAWI1PTS.OUT


Name of run: WAMW2


Station=  WAGE , Soil=  1, Crop=  2,    Irr.=  0, IOPT=  2, Runof=0.00, CO2=370.

 Planting on day 120, 1974
 Crop emergence on day   0, 1974
 Wageningen, water limit.,grain maize var.202, RUE=4.5                           

 Crop PRODUCTION AND SOIL WATER STATUS
 =======================================
 DAY   WLVG    WLVD    WST    WSO     TAGB    TSUML   DVS     LAI  TRANRF  SMACT  TRAIN   TIRR  TTRANS   TESOIL    TDRAIN  TRUNOF   WTOT  WAVT   PARAB    PAR    NNI   NMINT    NMIN    NUPT    NFIX    NLIV    NLOSS   
 120     19.      0.     11.      0.     30.      0.   0.00   0.05   1.00   0.30      0.      0.      0.      0.      0.      0.     30.     10.     0.     0.   1.00      0.     30.      0.      0.      2.      0.
 130     19.      0.     11.      0.     30.      0.   0.00   0.05   1.00   0.22      1.      0.      0.      8.      0.      0.     22.      2.     0.    57.   1.00     35.     30.      0.      0.      2.      0.
 138     19.      0.     11.      0.     30.      0.   0.00   0.05   1.00   0.26     34.      0.      1.     24.      0.      0.     26.      6.     0.   128.   1.00     35.     30.      0.      0.      2.      0.
 140     31.      0.     19.      0.     50.     23.   0.03   0.07   1.00   0.23     34.      0.      1.     27.      0.      0.     26.      4.     1.   152.   1.00     35.     28.      1.      0.      3.      0.
 150     67.      0.     41.      0.    108.     84.   0.12   0.14   0.89   0.24     45.      0.      2.     45.      0.      0.     56.      9.     7.   243.   1.00     39.     21.      5.      0.      7.      0.
 160    117.      1.     73.      0.    192.    140.   0.20   0.23   1.00   0.32     87.      0.      4.     66.      0.      0.    113.     43.    16.   335.   1.00     43.     14.      9.      0.     11.      0.
 170    384.      1.    236.      0.    622.    229.   0.33   0.79   1.00   0.30    102.      0.      9.     86.      0.      0.    140.     46.    36.   442.   1.00     36.      6.     23.      0.     25.      0.
 180   1288.      1.    932.      0.   2221.    326.   0.47   2.51   1.00   0.28    116.      0.     23.     97.      0.      0.    168.     50.    90.   537.   1.00    -11.      0.     76.      0.     78.      0.
 190   2142.      1.   1988.      0.   4132.    416.   0.60   3.92   1.00   0.31    159.      0.     42.    104.      0.      0.    222.     80.   152.   611.   1.00    -57.      0.    122.      0.    123.      0.
 200   2756.     99.   3307.      0.   6162.    505.   0.73   4.77   1.00   0.30    174.      0.     66.    107.      0.      0.    248.     82.   222.   686.   1.00    -92.      0.    157.      0.    158.      1.
 210   3060.    304.   4966.      0.   8330.    592.   0.85   5.05   1.00   0.29    186.      0.     88.    109.      0.      0.    274.     83.   289.   757.   1.00   -104.      0.    169.      0.    169.      2.
 220   3091.    557.   6488.      9.  10145.    685.   0.99   4.98   1.00   0.27    195.      0.    112.    111.      0.      0.    272.     72.   363.   834.   1.00   -112.      0.    177.      0.    176.      3.
 230   2562.   1411.   8021.    967.  12961.    796.   1.12   4.01   1.00   0.31    252.      0.    133.    113.      0.      0.    306.    106.   428.   904.   1.00   -121.      0.    186.      0.    181.      8.
 240   1964.   2117.   8450.   3260.  15791.    892.   1.23   3.04   1.00   0.29    264.      0.    154.    116.      0.      0.    294.     94.   511.   997.   1.00   -133.      0.    198.      0.    188.     11.
 250   1446.   2635.   8450.   4985.  17516.    985.   1.34   2.24   1.00   0.33    315.      0.    168.    121.      0.      0.    325.    125.   559.  1058.   1.00   -141.      0.    206.      0.    194.     14.
 260   1079.   3002.   8450.   6077.  18608.   1072.   1.44   1.67   1.00   0.33    332.      0.    178.    127.      0.      0.    327.    127.   595.  1110.   1.00   -141.      0.    206.      0.    192.     16.
 270    867.   3213.   8450.   6352.  18883.   1118.   1.49   1.34   1.00   0.35    379.      0.    184.    132.     13.      0.    350.    150.   621.  1154.   1.00   -141.      0.    206.      0.    191.     17.
 280    723.   3358.   7189.   6391.  18922.   1140.   1.52   1.12   1.00   0.35    413.      0.    187.    137.     40.      0.    350.    150.   641.  1191.   1.00   -141.      0.    206.      0.    186.     22.
 285    673.   3408.   6631.   6394.  18925.   1146.   1.52   1.04   1.00   0.35    421.      0.    188.    138.     45.      0.    350.    150.   648.  1205.   1.00   -141.      0.    206.      0.    183.     24.


DATA-FILE  WAWI1PTS.OUT


Name of run: WAMW2


Station=  WAGE , Soil=  1, Crop=  2,    Irr.=  0, IOPT=  2, Runof=0.00, CO2=370.

 Planting on day 120, 1975
 Crop emergence on day   0, 1975
 Wageningen, water limit.,grain maize var.202, RUE=4.5                           

 Crop PRODUCTION AND SOIL WATER STATUS
 =======================================
 DAY   WLVG    WLVD    WST    WSO     TAGB    TSUML   DVS     LAI  TRANRF  SMACT  TRAIN   TIRR  TTRANS   TESOIL    TDRAIN  TRUNOF   WTOT  WAVT   PARAB    PAR    NNI   NMINT    NMIN    NUPT    NFIX    NLIV    NLOSS   
 120     19.      0.     11.      0.     30.      0.   0.00   0.05   1.00   0.30      0.      0.      0.      0.      0.      0.     30.     10.     0.     0.   1.00      0.     30.      0.      0.      2.      1.
 130     19.      0.     11.      0.     30.      0.   0.00   0.05   1.00   0.31     26.      0.      0.     21.      0.      0.     31.     11.     0.    81.   1.00     35.     30.      0.      0.      2.      1.
 138     19.      0.     11.      0.     30.      0.   0.00   0.05   1.00   0.30     41.      0.      1.     36.      0.      0.     30.     10.     0.   144.   1.00     35.     30.      0.      0.      2.      1.
 140     21.      0.     13.      0.     34.     11.   0.02   0.05   1.00   0.29     41.      0.      1.     38.      0.      0.     32.     10.     1.   161.   1.00     35.     28.      1.      0.      3.      1.
 150     44.      0.     27.      0.     70.     56.   0.08   0.08   1.00   0.26     41.      0.      2.     46.      0.      0.     59.     13.     4.   260.   1.00     41.     21.      3.      0.      4.      1.
 160     85.      0.     52.      0.    137.     98.   0.14   0.15   1.00   0.27     59.      0.      3.     64.      0.      0.     95.     24.     9.   360.   1.00     46.     14.      5.      0.      7.      1.
 170    364.      0.    223.      0.    588.    195.   0.28   0.75   1.00   0.28     84.      0.      7.     84.      0.      0.    132.     38.    27.   456.   1.00     34.      6.     25.      0.     26.      1.
 180   1090.      0.    719.      0.   1810.    295.   0.42   2.18   1.00   0.31    127.      0.     20.     98.      0.      0.    185.     66.    80.   550.   1.00     -3.      0.     68.      0.     70.      1.
 190   2192.      0.   1921.      0.   4113.    398.   0.57   4.07   1.00   0.30    153.      0.     44.    105.      0.      0.    216.     73.   163.   652.   1.00    -61.      0.    126.      0.    127.      1.
 200   2991.    145.   3709.      0.   6845.    523.   0.75   5.18   1.00   0.31    186.      0.     70.    109.      0.      0.    256.     90.   236.   730.   1.00   -100.      0.    165.      0.    166.      1.
 210   3233.    439.   5880.      0.   9553.    622.   0.90   5.33   1.00   0.32    220.      0.     92.    111.      0.      0.    302.    112.   307.   804.   1.00   -115.      0.    180.      0.    180.      3.
 220   3125.   1212.   9412.    706.  14455.    775.   1.10   4.89   1.00   0.28    226.      0.    132.    113.      0.      0.    282.     82.   417.   919.   1.00   -140.      0.    205.      0.    200.      7.
 230   2214.   2255.   9943.   3431.  17843.    927.   1.27   3.43   1.00   0.27    252.      0.    161.    116.      0.      0.    274.     74.   492.  1001.   1.00   -153.      0.    218.      0.    208.     12.
 240   1616.   2853.   9943.   5772.  20184.   1026.   1.39   2.50   1.00   0.27    273.      0.    177.    121.      0.      0.    275.     75.   555.  1077.   1.00   -157.      0.    222.      0.    208.     16.
 250   1159.   3310.   9744.   7705.  22117.   1138.   1.52   1.80   1.00   0.26    277.      0.    190.    124.      0.      0.    262.     62.   605.  1145.   1.00   -157.      0.    222.      0.    205.     19.
 260    866.   3603.   7962.   8633.  23045.   1223.   1.62   1.34   1.00   0.28    315.      0.    199.    132.      0.      0.    284.     84.   642.  1205.   1.00   -157.      0.    222.      0.    198.     26.
 270    649.   3820.   6505.   9281.  23693.   1307.   1.71   1.01   1.00   0.30    343.      0.    206.    138.      0.      0.    299.     99.   670.  1261.   1.00   -157.      0.    222.      0.    192.     32.
 280    489.   3980.   5315.   9686.  24098.   1388.   1.81   0.76   1.00   0.29    349.      0.    210.    146.      0.      0.    293.     93.   687.  1302.   1.00   -157.      0.    222.      0.    187.     37.
 285    455.   4014.   4903.   9706.  24118.   1397.   1.82   0.70   1.00   0.30    354.      0.    211.    147.      0.      0.    295.     95.   693.  1318.   1.00   -157.      0.    222.      0.    185.     39.


DATA-FILE  WAWI1PTS.OUT


Name of run: WAMW2


Station=  WAGE , Soil=  1, Crop=  2,    Irr.=  0, IOPT=  2, Runof=0.00, CO2=370.

 Planting on day 120, 1976
 Crop emergence on day   0, 1976
 Wageningen, water limit.,grain maize var.202, RUE=4.5                           

 Crop PRODUCTION AND SOIL WATER STATUS
 =======================================
 DAY   WLVG    WLVD    WST    WSO     TAGB    TSUML   DVS     LAI  TRANRF  SMACT  TRAIN   TIRR  TTRANS   TESOIL    TDRAIN  TRUNOF   WTOT  WAVT   PARAB    PAR    NNI   NMINT    NMIN    NUPT    NFIX    NLIV    NLOSS   
 120     19.      0.     11.      0.     30.      0.   0.00   0.05   1.00   0.30      0.      0.      0.      0.      0.      0.     30.     10.     0.     0.   1.00      0.     30.      0.      0.      2.      0.
 130     19.      0.     11.      0.     30.      0.   0.00   0.05   0.00   0.20      2.      0.      0.     12.      0.      0.     20.      0.     0.    80.   1.00     35.     30.      0.      0.      2.      0.
 133     19.      0.     11.      0.     30.      0.   0.00   0.05   0.00   0.18      6.      0.      0.     18.      0.      0.     18.     -2.     0.   114.   1.00     35.     30.      0.      0.      2.      0.
 140     14.      5.     11.      0.     30.     43.   0.06   0.04   0.00   0.19     18.      0.      0.     33.      0.      0.     26.     -1.     2.   182.   1.00     36.     28.      1.      0.      3.      0.
 150      8.     10.     11.      0.     30.     94.   0.14   0.02   0.00   0.16     32.      0.      0.     50.      0.      0.     22.     -5.     3.   269.   1.00     36.     28.      1.      0.      2.      0.
 160      6.     13.     12.      0.     31.    153.   0.22   0.02   0.03   0.20     47.      0.      1.     66.      0.      0.     40.      0.     4.   351.   1.00     41.     23.      1.      0.      2.      0.
 170      4.     15.     12.      0.     31.    264.   0.38   0.01   0.00   0.15     47.      0.      1.     79.      0.      0.     33.    -11.     5.   462.   1.00     42.     22.      1.      0.      2.      0.
 180      5.     17.     14.      0.     35.    392.   0.56   0.01   0.00   0.19     69.      0.      1.    100.      0.      0.     53.     -3.     6.   560.   1.00     45.     19.      1.      0.      2.      0.
 190      3.     19.     14.      0.     35.    562.   0.81   0.01   0.00   0.15     69.      0.      1.    110.      0.      0.     42.    -14.     6.   693.   1.00     45.     19.      1.      0.      2.      0.
 200      2.     20.     14.      0.     35.    698.   1.00   0.00   0.00   0.17     84.      0.      1.    119.      0.      0.     48.     -8.     7.   785.   1.00     45.     19.      1.      0.      2.      0.
 210      1.     21.     14.      0.     35.    798.   1.12   0.00   0.00   0.17     97.      0.      1.    133.      0.      0.     47.     -9.     7.   860.   1.00     45.     19.      1.      0.      2.      0.
 220      1.     21.     14.      0.     35.    882.   1.22   0.00   0.00   0.16    108.      0.      1.    145.      0.      0.     46.    -10.     7.   932.   1.00     45.     19.      1.      0.      2.      0.
 230      0.     21.     14.      0.     35.   1000.   1.36   0.00   0.00   0.15    108.      0.      1.    149.      0.      0.     42.    -14.     7.  1031.   1.00     45.     19.      1.      0.      2.      0.
 240      0.     21.     14.      0.     35.   1121.   1.50   0.00   0.00   0.15    111.      0.      1.    152.      0.      0.     42.    -14.     7.  1126.   1.00     45.     19.      1.      0.      2.      0.
 250      0.     21.     11.      0.     35.   1211.   1.60   0.00   0.60   0.21    139.      0.      1.    164.      0.      0.     58.      2.     7.  1185.   1.00     45.     19.      1.      0.      2.      0.
 260      0.     21.      9.      0.     35.   1279.   1.68   0.00   1.00   0.23    149.      0.      1.    177.      0.      0.     92.     12.     7.  1239.   1.00     45.     19.      1.      0.      2.      1.
 270      0.     21.      8.      0.     36.   1359.   1.77   0.00   1.00   0.24    155.      0.      1.    183.      0.      0.    127.     23.     7.  1287.   1.00     45.     19.      1.      0.      2.      1.
 280      0.     21.      6.      0.     36.   1447.   1.88   0.00   1.00   0.26    170.      0.      1.    192.      0.      0.    169.     41.     7.  1327.   1.00     45.     19.      1.      0.      2.      1.
 285      0.     21.      6.      0.     36.   1480.   1.91   0.00   1.00   0.27    178.      0.      1.    195.      0.      0.    188.     51.     7.  1337.   1.00     45.     19.      1.      0.      2.      1.


DATA-FILE  WAWI1PTS.OUT


Name of run: WAMN3


Station=  WAGE , Soil=  1, Crop=  2,    Irr.=  0, IOPT=  3, Runof=0.00, CO2=370.

 Planting on day 120, 1969
 Crop emergence on day   0, 1969
 Wageningen, water and N limit., grain maize var.202, RUE=4.5                    

 Crop PRODUCTION AND SOIL WATER STATUS
 =======================================
 DAY   WLVG    WLVD    WST    WSO     TAGB    TSUML   DVS     LAI  TRANRF  SMACT  TRAIN   TIRR  TTRANS   TESOIL    TDRAIN  TRUNOF   WTOT  WAVT   PARAB    PAR    NNI   NMINT    NMIN    NUPT    NFIX    NLIV    NLOSS   
 120     19.      0.     11.      0.     30.      0.   0.00   0.05   1.00   0.30      0.      0.      0.      0.      0.      0.     30.     10.     0.     0.   0.00      0.     30.      0.      0.      2.      0.
 130     19.      0.     11.      0.     30.      0.   0.00   0.05   1.00   0.26      7.      0.      0.     14.      0.      0.     58.     14.     0.    71.   0.00     35.     30.      0.      0.      2.      0.
 133     19.      0.     11.      0.     30.      0.   0.00   0.05   1.00   0.28     16.      0.      1.     20.      0.      0.     72.     20.     0.    92.   1.00     35.     30.      0.      0.      2.      0.
 140     38.      1.     28.      0.     67.     54.   0.08   0.11   1.00   0.31     45.      0.      1.     40.      0.      0.    106.     38.     2.   140.   1.00     38.     25.      2.      0.      4.      0.
 150    101.      3.     83.      0.    188.    122.   0.18   0.26   1.00   0.30     63.      0.      3.     61.      0.      0.    137.     45.    10.   226.   0.81     41.     17.      6.      0.      9.      0.
 160    196.      7.    156.      0.    359.    182.   0.26   0.46   1.00   0.32    104.      0.      7.     82.      0.      0.    187.     71.    24.   303.   0.82     42.     10.     13.      0.     15.      0.
 170    920.     45.    893.      0.   1858.    300.   0.43   1.79   1.00   0.29    119.      0.     22.    100.      0.      0.    206.     66.    73.   421.   0.91      1.      2.     62.      0.     64.      0.
 180   1269.    228.   1741.      0.   3239.    391.   0.56   2.36   1.00   0.28    134.      0.     40.    109.      0.      0.    229.     65.   128.   496.   0.62      0.      0.     65.      0.     66.      1.
 190   1354.    545.   3048.      0.   4947.    493.   0.71   2.47   1.00   0.27    153.      0.     62.    116.      0.      0.    256.     68.   194.   582.   0.48      0.      0.     65.      0.     64.      3.
 200   1219.    891.   4344.      0.   6453.    595.   0.86   2.34   1.00   0.26    164.      0.     83.    124.      0.      0.    257.     57.   255.   662.   0.43      0.      0.     65.      0.     62.      5.
 210    910.   1357.   5960.    148.   8374.    739.   1.05   1.90   0.48   0.24    177.      0.    106.    132.      0.      0.    240.     40.   324.   756.   0.41      0.      0.     65.      0.     60.      7.
 220    477.   1838.   6373.   1150.   9839.    890.   1.23   1.16   0.42   0.23    194.      0.    121.    145.      0.      0.    228.     28.   382.   854.   0.33      0.      0.     65.      0.     57.     10.
 230    223.   2093.   6373.   1685.  10373.   1026.   1.38   0.72   1.00   0.23    224.      0.    128.    164.      0.      0.    232.     32.   419.   936.   0.16      0.      0.     65.      0.     56.     11.
 240    103.   2212.   6373.   1765.  10453.   1115.   1.49   0.48   1.00   0.28    301.      0.    134.    182.      0.      0.    285.     85.   435.   991.   0.05      0.      0.     65.      0.     55.     12.
 250     46.   2269.   5422.   1765.  10454.   1200.   1.59   0.34   1.00   0.28    306.      0.    137.    192.      0.      0.    277.     77.   449.  1056.   0.01      0.      0.     65.      0.     52.     15.
 260     19.   2296.   4430.   1765.  10454.   1317.   1.72   0.23   1.00   0.27    307.      0.    140.    198.      0.      0.    270.     70.   459.  1116.   0.00      0.      0.     65.      0.     48.     19.
 270      9.   2307.   3620.   1765.  10454.   1396.   1.82   0.17   1.00   0.27    316.      0.    141.    206.      0.      0.    269.     69.   465.  1169.   0.00      0.      0.     65.      0.     45.     22.
 280      4.   2311.   2958.   1765.  10454.   1454.   1.88   0.13   1.00   0.27    319.      0.    142.    211.      0.      0.    266.     66.   469.  1216.   0.00      0.      0.     65.      0.     43.     24.
 285      3.   2312.   2728.   1765.  10454.   1492.   1.93   0.12   1.00   0.26    320.      0.    143.    212.      0.      0.    265.     65.   471.  1234.   0.00      0.      0.     65.      0.     42.     25.


DATA-FILE  WAWI1PTS.OUT


Name of run: WAMN3


Station=  WAGE , Soil=  1, Crop=  2,    Irr.=  0, IOPT=  3, Runof=0.00, CO2=370.

 Planting on day 120, 1970
 Crop emergence on day   0, 1970
 Wageningen, water and N limit., grain maize var.202, RUE=4.5                    

 Crop PRODUCTION AND SOIL WATER STATUS
 =======================================
 DAY   WLVG    WLVD    WST    WSO     TAGB    TSUML   DVS     LAI  TRANRF  SMACT  TRAIN   TIRR  TTRANS   TESOIL    TDRAIN  TRUNOF   WTOT  WAVT   PARAB    PAR    NNI   NMINT    NMIN    NUPT    NFIX    NLIV    NLOSS   
 120     19.      0.     11.      0.     30.      0.   0.00   0.05   1.00   0.30      0.      0.      0.      0.      0.      0.     30.     10.     0.     0.   0.00      0.     30.      0.      0.      2.      0.
 130     19.      0.     11.      0.     30.      0.   0.00   0.05   0.93   0.23      6.      0.      1.     13.      0.      0.     23.      3.     0.    84.   0.00     35.     30.      0.      0.      2.      0.
 133     19.      0.     11.      0.     30.      0.   0.00   0.05   0.00   0.20      6.      0.      1.     16.      0.      0.     20.      0.     0.   112.   0.89     35.     30.      0.      0.      2.      0.
 140     13.      6.     11.      0.     30.     50.   0.07   0.03   0.00   0.19     13.      0.      1.     23.      0.      0.     19.     -1.     1.   163.   1.00     35.     30.      0.      0.      2.      0.
 150      8.     11.     11.      0.     30.    107.   0.15   0.02   0.00   0.17     21.      0.      1.     33.      0.      0.     17.     -3.     3.   243.   1.00     35.     30.      0.      0.      2.      0.
 160      5.     14.     11.      0.     30.    204.   0.29   0.01   0.00   0.15     22.      0.      1.     36.      0.      0.     15.     -5.     4.   355.   1.00     35.     30.      0.      0.      2.      0.
 170      3.     16.     11.      0.     30.    316.   0.45   0.01   0.00   0.15     31.      0.      1.     45.      0.      0.     15.     -5.     4.   473.   1.00     35.     30.      0.      0.      2.      0.
 180      2.     17.     11.      0.     30.    440.   0.63   0.00   0.00   0.16     38.      0.      1.     52.      0.      0.     16.     -4.     5.   567.   1.00     35.     30.      0.      0.      2.      0.
 190      3.     17.     15.      0.     36.    544.   0.78   0.01   1.00   0.29     88.      0.      1.     75.      0.      0.     54.     17.     5.   632.   1.00     41.     24.      0.      0.      2.      0.
 200      5.     17.     25.      0.     48.    639.   0.92   0.01   1.00   0.33    142.      0.      1.     96.      1.      0.    100.     40.     5.   708.   1.00     48.     16.      0.      0.      2.      0.
 210      6.     18.     35.      2.     60.    735.   1.05   0.01   1.00   0.34    171.      0.      1.    119.      6.      0.    143.     58.     5.   767.   1.00     56.      9.      0.      0.      2.      0.
 220      6.     20.     43.     15.     84.    867.   1.20   0.01   1.00   0.33    178.      0.      1.    134.      6.      0.    177.     68.     6.   857.   1.00     63.      2.      0.      0.      2.      0.
 230      4.     22.     43.     26.     95.    966.   1.32   0.01   1.00   0.34    201.      0.      1.    153.      6.      0.    223.     90.     6.   925.   1.00     65.      0.      0.      0.      2.      0.
 240      3.     23.     43.     34.    104.   1066.   1.43   0.00   1.00   0.33    209.      0.      1.    167.      6.      0.    260.    103.     7.   996.   1.00     65.      0.      0.      0.      2.      0.
 250      2.     24.     41.     40.    110.   1159.   1.54   0.00   1.00   0.33    212.      0.      1.    177.      6.      0.    294.    113.     7.  1066.   1.00     65.      0.      0.      0.      2.      0.
 260      2.     24.     33.     42.    112.   1247.   1.64   0.00   1.00   0.35    286.      0.      1.    195.     40.      0.    350.    150.     7.  1107.   1.00     65.      0.      0.      0.      2.      0.
 270      1.     25.     27.     44.    113.   1322.   1.73   0.00   1.00   0.34    287.      0.      1.    201.     40.      0.    344.    144.     7.  1165.   1.00     65.      0.      0.      0.      2.      0.
 280      1.     25.     22.     45.    114.   1398.   1.82   0.00   1.00   0.35    323.      0.      1.    212.     60.      0.    350.    150.     7.  1201.   1.00     65.      0.      0.      0.      2.      0.
 285      1.     25.     20.     45.    114.   1416.   1.84   0.00   1.00   0.35    324.      0.      1.    214.     60.      0.    349.    149.     7.  1214.   1.00     65.      0.      0.      0.      2.      0.


DATA-FILE  WAWI1PTS.OUT


Name of run: WAMN3


Station=  WAGE , Soil=  1, Crop=  2,    Irr.=  0, IOPT=  3, Runof=0.00, CO2=370.

 Planting on day 120, 1971
 Crop emergence on day   0, 1971
 Wageningen, water and N limit., grain maize var.202, RUE=4.5                    

 Crop PRODUCTION AND SOIL WATER STATUS
 =======================================
 DAY   WLVG    WLVD    WST    WSO     TAGB    TSUML   DVS     LAI  TRANRF  SMACT  TRAIN   TIRR  TTRANS   TESOIL    TDRAIN  TRUNOF   WTOT  WAVT   PARAB    PAR    NNI   NMINT    NMIN    NUPT    NFIX    NLIV    NLOSS   
 120     19.      0.     11.      0.     30.      0.   0.00   0.05   1.00   0.30      0.      0.      0.      0.      0.      0.     30.     10.     0.     0.   0.00      0.     30.      0.      0.      2.      0.
 130     19.      0.     11.      0.     30.      0.   0.00   0.05   0.65   0.22      7.      0.      0.     15.      0.      0.     22.      2.     0.   104.   0.00     35.     30.      0.      0.      2.      0.
 133     19.      0.     11.      0.     30.      0.   0.00   0.05   0.00   0.15      7.      0.      0.     22.      0.      0.     15.     -5.     0.   139.   0.00     35.     30.      0.      0.      2.      0.
 134     19.      0.     11.      0.     30.      0.   0.00   0.05   0.00   0.19     11.      0.      0.     22.      0.      0.     19.     -1.     0.   150.   1.00     35.     30.      0.      0.      2.      0.
 140     32.      2.     24.      0.     59.     57.   0.08   0.08   1.00   0.31     49.      0.      1.     37.      0.      0.     46.     16.     2.   196.   0.85     38.     26.      1.      0.      3.      0.
 150     83.      5.     65.      0.    153.    129.   0.19   0.19   1.00   0.30     68.      0.      2.     56.      0.      0.     81.     27.     7.   276.   0.88     41.     19.      5.      0.      7.      0.
 160    345.     17.    299.      0.    661.    231.   0.33   0.69   1.00   0.26     68.      0.      7.     71.      0.      0.     99.     21.    27.   380.   0.91     29.     11.     24.      0.     26.      0.
 170    602.     30.    528.      0.   1160.    301.   0.43   1.17   1.00   0.34    127.      0.     15.     86.      0.      0.    173.     71.    53.   441.   0.97     20.      4.     41.      0.     43.      0.
 180   1109.     63.   1200.      0.   2372.    383.   0.55   2.01   1.00   0.35    166.      0.     29.     98.      0.      0.    219.     93.    95.   512.   0.86      0.      0.     65.      0.     67.      0.
 190   1492.    282.   2834.      0.   4608.    492.   0.71   2.51   1.00   0.30    167.      0.     54.    105.      0.      0.    226.     77.   178.   624.   0.50      0.      0.     65.      0.     66.      1.
 200   1330.    670.   4160.      0.   6161.    595.   0.86   2.37   1.00   0.27    168.      0.     78.    109.      0.      0.    238.     65.   254.   721.   0.47      0.      0.     65.      0.     64.      4.
 210   1125.    988.   5271.     34.   7418.    708.   1.02   2.18   1.00   0.28    196.      0.     94.    117.      0.      0.    281.     83.   305.   789.   0.50      0.      0.     65.      0.     62.      5.
 220    664.   1550.   6116.    773.   9103.    835.   1.17   1.41   1.00   0.28    221.      0.    114.    127.      0.      0.    280.     80.   359.   871.   0.40      0.      0.     65.      0.     59.      8.
 230    347.   1870.   6144.   1313.   9674.    935.   1.28   0.91   1.00   0.27    231.      0.    123.    137.      0.      0.    271.     71.   389.   932.   0.29      0.      0.     65.      0.     57.     10.
 240    165.   2052.   6144.   1714.  10076.   1051.   1.42   0.58   1.00   0.28    260.      0.    131.    152.      0.      0.    276.     76.   416.  1006.   0.16      0.      0.     65.      0.     56.     11.
 250     76.   2141.   5783.   1792.  10153.   1145.   1.53   0.39   1.00   0.27    264.      0.    136.    161.      0.      0.    267.     67.   432.  1069.   0.08      0.      0.     65.      0.     54.     13.
 260     37.   2180.   4725.   1799.  10160.   1205.   1.60   0.29   1.00   0.26    266.      0.    139.    166.      0.      0.    261.     61.   444.  1136.   0.05      0.      0.     65.      0.     51.     16.
 270     17.   2200.   3861.   1799.  10161.   1272.   1.67   0.22   1.00   0.27    277.      0.    140.    171.      0.      0.    265.     65.   452.  1189.   0.04      0.      0.     65.      0.     48.     19.
 280      8.   2209.   3155.   1799.  10161.   1330.   1.74   0.16   1.00   0.27    283.      0.    141.    176.      0.      0.    265.     65.   457.  1234.   0.04      0.      0.     65.      0.     45.     22.
 285      6.   2211.   2910.   1799.  10161.   1354.   1.77   0.15   1.00   0.26    283.      0.    141.    177.      0.      0.    264.     64.   458.  1249.   0.04      0.      0.     65.      0.     44.     23.


DATA-FILE  WAWI1PTS.OUT


Name of run: WAMN3


Station=  WAGE , Soil=  1, Crop=  2,    Irr.=  0, IOPT=  3, Runof=0.00, CO2=370.

 Planting on day 120, 1972
 Crop emergence on day   0, 1972
 Wageningen, water and N limit., grain maize var.202, RUE=4.5                    

 Crop PRODUCTION AND SOIL WATER STATUS
 =======================================
 DAY   WLVG    WLVD    WST    WSO     TAGB    TSUML   DVS     LAI  TRANRF  SMACT  TRAIN   TIRR  TTRANS   TESOIL    TDRAIN  TRUNOF   WTOT  WAVT   PARAB    PAR    NNI   NMINT    NMIN    NUPT    NFIX    NLIV    NLOSS   
 120     19.      0.     11.      0.     30.      0.   0.00   0.05   1.00   0.30      0.      0.      0.      0.      0.      0.     30.     10.     0.     0.   0.00      0.     30.      0.      0.      2.      0.
 130     19.      0.     11.      0.     30.      0.   0.00   0.05   1.00   0.26     12.      0.      0.     15.      0.      0.     26.      6.     0.    76.   0.00     35.     30.      0.      0.      2.      0.
 134     19.      0.     11.      0.     30.      0.   0.00   0.05   1.00   0.35     46.      0.      1.     22.      0.      0.     35.     15.     0.    96.   0.87     35.     30.      0.      0.      2.      0.
 140     19.      0.     12.      0.     30.     13.   0.02   0.05   1.00   0.35     69.      0.      1.     33.      0.      0.     56.     24.     1.   127.   1.00     39.     26.      0.      0.      2.      0.
 150     51.      2.     39.      0.     91.     84.   0.12   0.11   1.00   0.35     99.      0.      2.     58.      0.      0.     98.     42.     5.   217.   0.96     44.     18.      3.      0.      5.      0.
 160    110.      4.     82.      0.    196.    157.   0.23   0.26   1.00   0.34    121.      0.      3.     79.      0.      0.    137.     57.    10.   288.   0.85     48.     10.      7.      0.      9.      0.
 170    242.     12.    190.      0.    444.    222.   0.32   0.52   1.00   0.32    138.      0.      8.    101.      0.      0.    167.     63.    30.   384.   1.00     44.      3.     18.      0.     20.      0.
 180    611.     27.    540.      0.   1178.    309.   0.44   1.20   1.00   0.34    179.      0.     16.    118.      2.      0.    217.     89.    58.   458.   0.89     27.      0.     38.      0.     40.      0.
 190   1081.     52.   1183.      0.   2316.    403.   0.58   1.97   1.00   0.34    209.      0.     28.    129.     12.      0.    255.    103.    96.   522.   0.92      0.      0.     65.      0.     67.      0.
 200   1436.    196.   2517.      0.   4149.    502.   0.72   2.43   1.00   0.32    220.      0.     49.    136.     12.      0.    280.    104.   170.   623.   0.59      0.      0.     65.      0.     66.      1.
 210   1355.    520.   4010.      0.   5885.    645.   0.93   2.36   1.00   0.35    284.      0.     69.    142.     23.      0.    350.    150.   226.   696.   0.57      0.      0.     65.      0.     64.      3.
 220   1035.    983.   5267.    248.   7532.    747.   1.06   1.89   1.00   0.33    293.      0.     85.    149.     25.      0.    334.    134.   276.   764.   0.52      0.      0.     65.      0.     62.      5.
 230    607.   1471.   5727.   1015.   8820.    859.   1.19   1.23   1.00   0.34    320.      0.     99.    160.     25.      0.    336.    136.   324.   843.   0.43      0.      0.     65.      0.     59.      8.
 240    332.   1747.   5730.   1594.   9402.    936.   1.28   0.82   1.00   0.34    341.      0.    106.    170.     25.      0.    340.    140.   355.   909.   0.29      0.      0.     65.      0.     58.      9.
 250    167.   1911.   5730.   1923.   9731.   1015.   1.37   0.55   1.00   0.33    341.      0.    113.    174.     25.      0.    329.    129.   383.   993.   0.15      0.      0.     65.      0.     57.     10.
 260     81.   1998.   5730.   1966.   9774.   1085.   1.45   0.39   1.00   0.35    377.      0.    115.    184.     29.      0.    348.    148.   396.  1042.   0.07      0.      0.     65.      0.     56.     11.
 270     40.   2039.   5730.   1967.   9775.   1125.   1.50   0.30   1.00   0.35    386.      0.    117.    191.     32.      0.    346.    146.   407.  1104.   0.04      0.      0.     65.      0.     56.     11.
 280     20.   2059.   4681.   1967.   9775.   1162.   1.54   0.23   1.00   0.34    387.      0.    118.    194.     32.      0.    342.    142.   414.  1154.   0.03      0.      0.     65.      0.     52.     15.
 285     15.   2064.   4318.   1967.   9775.   1180.   1.56   0.21   1.00   0.34    387.      0.    119.    195.     32.      0.    341.    141.   417.  1172.   0.03      0.      0.     65.      0.     51.     16.


DATA-FILE  WAWI1PTS.OUT


Name of run: WAMN3


Station=  WAGE , Soil=  1, Crop=  2,    Irr.=  0, IOPT=  3, Runof=0.00, CO2=370.

 Planting on day 120, 1973
 Crop emergence on day   0, 1973
 Wageningen, water and N limit., grain maize var.202, RUE=4.5                    

 Crop PRODUCTION AND SOIL WATER STATUS
 =======================================
 DAY   WLVG    WLVD    WST    WSO     TAGB    TSUML   DVS     LAI  TRANRF  SMACT  TRAIN   TIRR  TTRANS   TESOIL    TDRAIN  TRUNOF   WTOT  WAVT   PARAB    PAR    NNI   NMINT    NMIN    NUPT    NFIX    NLIV    NLOSS   
 120     19.      0.     11.      0.     30.      0.   0.00   0.05   1.00   0.30      0.      0.      0.      0.      0.      0.     30.     10.     0.     0.   0.00      0.     30.      0.      0.      2.      0.
 130     19.      0.     11.      0.     30.      0.   0.00   0.05   1.00   0.33     27.      0.      0.     19.      0.      0.     33.     13.     0.    57.   0.00     35.     30.      0.      0.      2.      0.
 134     19.      0.     11.      0.     30.      0.   0.00   0.05   1.00   0.30     32.      0.      1.     26.      0.      0.     30.     10.     0.    90.   0.00     35.     30.      0.      0.      2.      0.
 139     19.      0.     11.      0.     30.      0.   0.00   0.05   1.00   0.27     35.      0.      1.     33.      0.      0.     27.      7.     0.   146.   0.81     35.     30.      0.      0.      2.      0.
 140     21.      0.     13.      0.     34.      8.   0.01   0.05   1.00   0.27     38.      0.      1.     36.      0.      0.     27.      7.     0.   153.   0.89     35.     29.      0.      0.      2.      0.
 150     81.      4.     61.      0.    147.    101.   0.15   0.18   1.00   0.26     56.      0.      2.     58.      0.      0.     57.     13.     6.   250.   0.94     37.     22.      6.      0.      8.      0.
 160    149.      7.    109.      0.    264.    169.   0.24   0.37   1.00   0.28     76.      0.      5.     74.      0.      0.     95.     27.    19.   329.   0.86     41.     14.     10.      0.     12.      0.
 170    390.     16.    306.      0.    712.    256.   0.37   0.84   1.00   0.25     76.      0.     13.     83.      0.      0.    116.     24.    49.   437.   0.80     35.      7.     23.      0.     25.      0.
 180    971.    143.   1011.      0.   2125.    390.   0.56   1.80   0.95   0.25     89.      0.     26.     91.      0.      0.    144.     28.   109.   551.   0.97      2.      0.     63.      0.     64.      1.
 190   1274.    504.   2247.      0.   4025.    526.   0.76   2.14   0.44   0.22     90.      0.     43.    101.      0.      0.    155.     15.   192.   665.   0.68      0.      0.     65.      0.     64.      3.
 200   1163.    818.   3396.      0.   5376.    633.   0.91   1.95   0.95   0.23    113.      0.     56.    111.      0.      0.    191.     27.   249.   747.   0.65      0.      0.     65.      0.     62.      5.
 210    985.   1125.   4444.    121.   6675.    728.   1.04   1.69   1.00   0.24    139.      0.     71.    122.      0.      0.    228.     40.   290.   807.   0.63      0.      0.     65.      0.     61.      6.
 220    622.   1572.   5043.    813.   8050.    845.   1.18   1.13   1.00   0.25    165.      0.     85.    135.      0.      0.    245.     45.   329.   875.   0.53      0.      0.     65.      0.     58.      9.
 230    323.   1875.   5070.   2026.   9294.    986.   1.34   0.68   0.78   0.23    166.      0.     95.    144.      0.      0.    226.     26.   373.   979.   0.33      0.      0.     65.      0.     57.     10.
 240    156.   2042.   5070.   2252.   9520.   1087.   1.46   0.43   0.94   0.22    166.      0.    100.    150.      0.      0.    217.     17.   396.  1064.   0.12      0.      0.     65.      0.     56.     11.
 250     69.   2129.   4492.   2281.   9549.   1201.   1.59   0.27   1.00   0.23    192.      0.    102.    160.      0.      0.    230.     30.   406.  1114.   0.05      0.      0.     65.      0.     53.     14.
 260     31.   2167.   3670.   2282.   9550.   1288.   1.69   0.19   1.00   0.22    197.      0.    104.    169.      0.      0.    224.     24.   415.  1180.   0.02      0.      0.     65.      0.     50.     17.
 270     14.   2184.   2999.   2282.   9550.   1365.   1.78   0.14   1.00   0.26    244.      0.    105.    180.      0.      0.    259.     59.   418.  1222.   0.01      0.      0.     65.      0.     48.     19.
 280      6.   2191.   2450.   2282.   9550.   1426.   1.85   0.10   1.00   0.26    253.      0.    106.    187.      0.      0.    261.     61.   422.  1269.   0.00      0.      0.     65.      0.     46.     21.
 285      5.   2193.   2260.   2282.   9550.   1454.   1.88   0.09   1.00   0.28    272.      0.    106.    189.      0.      0.    277.     77.   422.  1276.   0.00      0.      0.     65.      0.     45.     22.


DATA-FILE  WAWI1PTS.OUT


Name of run: WAMN3


Station=  WAGE , Soil=  1, Crop=  2,    Irr.=  0, IOPT=  3, Runof=0.00, CO2=370.

 Planting on day 120, 1974
 Crop emergence on day   0, 1974
 Wageningen, water and N limit., grain maize var.202, RUE=4.5                    

 Crop PRODUCTION AND SOIL WATER STATUS
 =======================================
 DAY   WLVG    WLVD    WST    WSO     TAGB    TSUML   DVS     LAI  TRANRF  SMACT  TRAIN   TIRR  TTRANS   TESOIL    TDRAIN  TRUNOF   WTOT  WAVT   PARAB    PAR    NNI   NMINT    NMIN    NUPT    NFIX    NLIV    NLOSS   
 120     19.      0.     11.      0.     30.      0.   0.00   0.05   1.00   0.30      0.      0.      0.      0.      0.      0.     30.     10.     0.     0.   0.00      0.     30.      0.      0.      2.      0.
 130     19.      0.     11.      0.     30.      0.   0.00   0.05   1.00   0.22      1.      0.      0.      8.      0.      0.     22.      2.     0.    57.   0.00     35.     30.      0.      0.      2.      0.
 138     19.      0.     11.      0.     30.      0.   0.00   0.05   1.00   0.26     34.      0.      1.     24.      0.      0.     26.      6.     0.   128.   0.90     35.     30.      0.      0.      2.      0.
 140     28.      1.     21.      0.     49.     23.   0.03   0.07   1.00   0.23     34.      0.      1.     27.      0.      0.     26.      4.     1.   152.   0.81     36.     28.      1.      0.      3.      0.
 150     56.      2.     42.      0.    100.     84.   0.12   0.12   0.90   0.24     45.      0.      2.     45.      0.      0.     56.      9.     6.   243.   1.00     40.     21.      4.      0.      6.      0.
 160     95.      5.     71.      0.    171.    140.   0.20   0.19   1.00   0.32     87.      0.      4.     66.      0.      0.    113.     43.    14.   335.   0.99     44.     14.      7.      0.      9.      0.
 170    265.     12.    218.      0.    495.    229.   0.33   0.52   1.00   0.30    102.      0.      8.     87.      0.      0.    141.     46.    29.   442.   0.85     42.      6.     17.      0.     19.      0.
 180    798.     39.    780.      0.   1617.    326.   0.47   1.48   1.00   0.29    116.      0.     17.    101.      0.      0.    170.     51.    68.   537.   0.92     13.      0.     52.      0.     54.      0.
 190   1295.    116.   1677.      0.   3088.    416.   0.60   2.25   1.00   0.32    159.      0.     31.    112.      0.      0.    225.     82.   118.   611.   0.68      0.      0.     65.      0.     66.      1.
 200   1335.    400.   2715.      0.   4450.    505.   0.73   2.32   1.00   0.30    174.      0.     49.    120.      0.      0.    252.     86.   174.   686.   0.56      0.      0.     65.      0.     65.      2.
 210   1231.    699.   3829.      0.   5759.    592.   0.85   2.22   1.00   0.29    186.      0.     65.    126.      0.      0.    279.     89.   227.   757.   0.52      0.      0.     65.      0.     63.      4.
 220   1050.    980.   4752.      5.   6788.    685.   0.99   2.05   1.00   0.28    195.      0.     82.    131.      0.      0.    281.     81.   283.   834.   0.56      0.      0.     65.      0.     62.      5.
 230    701.   1439.   5640.    499.   8279.    796.   1.12   1.44   1.00   0.32    252.      0.     96.    141.      0.      0.    316.    116.   328.   904.   0.49      0.      0.     65.      0.     59.      8.
 240    399.   1768.   5840.   1352.   9358.    892.   1.23   0.95   1.00   0.31    264.      0.    107.    149.      0.      0.    308.    108.   377.   997.   0.36      0.      0.     65.      0.     58.     10.
 250    202.   1964.   5840.   1727.   9733.    985.   1.34   0.63   1.00   0.34    315.      0.    113.    161.      0.      0.    341.    141.   400.  1058.   0.21      0.      0.     65.      0.     56.     11.
 260     97.   2070.   5840.   1818.   9825.   1072.   1.44   0.42   1.00   0.34    332.      0.    117.    172.      0.      0.    343.    143.   414.  1110.   0.11      0.      0.     65.      0.     56.     11.
 270     48.   2118.   5840.   1826.   9833.   1118.   1.49   0.32   1.00   0.35    379.      0.    119.    180.     30.      0.    350.    150.   423.  1154.   0.06      0.      0.     65.      0.     56.     11.
 280     24.   2142.   4969.   1827.   9833.   1140.   1.52   0.25   1.00   0.35    413.      0.    120.    188.     56.      0.    350.    150.   429.  1191.   0.05      0.      0.     65.      0.     53.     15.
 285     19.   2148.   4583.   1827.   9833.   1146.   1.52   0.23   1.00   0.35    421.      0.    120.    190.     62.      0.    350.    150.   431.  1205.   0.05      0.      0.     65.      0.     51.     16.


DATA-FILE  WAWI1PTS.OUT


Name of run: WAMN3


Station=  WAGE , Soil=  1, Crop=  2,    Irr.=  0, IOPT=  3, Runof=0.00, CO2=370.

 Planting on day 120, 1975
 Crop emergence on day   0, 1975
 Wageningen, water and N limit., grain maize var.202, RUE=4.5                    

 Crop PRODUCTION AND SOIL WATER STATUS
 =======================================
 DAY   WLVG    WLVD    WST    WSO     TAGB    TSUML   DVS     LAI  TRANRF  SMACT  TRAIN   TIRR  TTRANS   TESOIL    TDRAIN  TRUNOF   WTOT  WAVT   PARAB    PAR    NNI   NMINT    NMIN    NUPT    NFIX    NLIV    NLOSS   
 120     19.      0.     11.      0.     30.      0.   0.00   0.05   1.00   0.30      0.      0.      0.      0.      0.      0.     30.     10.     0.     0.   0.00      0.     30.      0.      0.      2.      0.
 130     19.      0.     11.      0.     30.      0.   0.00   0.05   1.00   0.31     26.      0.      0.     21.      0.      0.     31.     11.     0.    81.   0.00     35.     30.      0.      0.      2.      0.
 138     19.      0.     11.      0.     30.      0.   0.00   0.05   1.00   0.30     41.      0.      1.     36.      0.      0.     30.     10.     0.   144.   0.79     35.     30.      0.      0.      2.      0.
 140     20.      0.     13.      0.     34.     11.   0.02   0.05   1.00   0.29     41.      0.      1.     38.      0.      0.     32.     10.     1.   161.   1.00     36.     28.      1.      0.      2.      0.
 150     38.      1.     29.      0.     68.     56.   0.08   0.08   1.00   0.26     41.      0.      2.     46.      0.      0.     59.     13.     4.   260.   0.95     42.     21.      2.      0.      4.      0.
 160     68.      2.     55.      0.    125.     98.   0.14   0.12   1.00   0.27     59.      0.      3.     65.      0.      0.     95.     24.     9.   360.   0.84     47.     14.      4.      0.      6.      0.
 170    242.     10.    204.      0.    455.    195.   0.28   0.49   1.00   0.28     84.      0.      6.     85.      0.      0.    133.     38.    22.   456.   0.90     41.      6.     18.      0.     20.      0.
 180    676.     31.    599.      0.   1307.    295.   0.42   1.30   1.00   0.31    127.      0.     15.    102.      0.      0.    186.     68.    59.   550.   0.95     19.      0.     46.      0.     48.      0.
 190   1361.     94.   1634.      0.   3088.    398.   0.57   2.42   1.00   0.31    153.      0.     33.    113.      0.      0.    219.     76.   125.   652.   0.64      0.      0.     65.      0.     66.      1.
 200   1440.    414.   3008.      0.   4862.    523.   0.75   2.52   1.00   0.31    186.      0.     53.    121.      0.      0.    261.     95.   186.   730.   0.51      0.      0.     65.      0.     65.      3.
 210   1280.    761.   4381.      0.   6423.    622.   0.90   2.37   1.00   0.32    220.      0.     69.    128.      0.      0.    308.    117.   243.   804.   0.47      0.      0.     65.      0.     63.      4.
 220    946.   1285.   6307.    328.   8866.    775.   1.10   1.88   1.00   0.29    226.      0.     97.    137.      0.      0.    292.     92.   328.   919.   0.38      0.      0.     65.      0.     60.      7.
 230    469.   1790.   6540.   1268.  10067.    927.   1.27   1.12   1.00   0.29    252.      0.    115.    149.      0.      0.    288.     88.   377.  1001.   0.29      0.      0.     65.      0.     57.     10.
 240    227.   2032.   6540.   1681.  10480.   1026.   1.39   0.73   1.00   0.29    273.      0.    123.    160.      0.      0.    290.     90.   409.  1077.   0.14      0.      0.     65.      0.     56.     11.
 250    101.   2159.   6409.   1773.  10572.   1138.   1.52   0.47   1.00   0.28    277.      0.    128.    167.      0.      0.    282.     82.   430.  1145.   0.04      0.      0.     65.      0.     55.     12.
 260     45.   2214.   5237.   1773.  10572.   1223.   1.62   0.33   1.00   0.30    315.      0.    131.    179.      0.      0.    305.    105.   443.  1205.   0.00      0.      0.     65.      0.     51.     16.
 270     20.   2239.   4279.   1773.  10572.   1307.   1.71   0.24   1.00   0.32    343.      0.    133.    189.      0.      0.    322.    122.   452.  1261.   0.00      0.      0.     65.      0.     47.     20.
 280      9.   2250.   3496.   1773.  10572.   1388.   1.81   0.18   1.00   0.32    349.      0.    134.    199.      0.      0.    316.    116.   457.  1302.   0.00      0.      0.     65.      0.     44.     23.
 285      7.   2252.   3225.   1773.  10572.   1397.   1.82   0.16   1.00   0.32    354.      0.    134.    201.      0.      0.    319.    119.   458.  1318.   0.00      0.      0.     65.      0.     44.     24.


DATA-FILE  WAWI1PTS.OUT


Name of run: WAMN3


Station=  WAGE , Soil=  1, Crop=  2,    Irr.=  0, IOPT=  3, Runof=0.00, CO2=370.

 Planting on day 120, 1976
 Crop emergence on day   0, 1976
 Wageningen, water and N limit., grain maize var.202, RUE=4.5                    

 Crop PRODUCTION AND SOIL WATER STATUS
 =======================================
 DAY   WLVG    WLVD    WST    WSO     TAGB    TSUML   DVS     LAI  TRANRF  SMACT  TRAIN   TIRR  TTRANS   TESOIL    TDRAIN  TRUNOF   WTOT  WAVT   PARAB    PAR    NNI   NMINT    NMIN    NUPT    NFIX    NLIV    NLOSS   
 120     19.      0.     11.      0.     30.      0.   0.00   0.05   1.00   0.30      0.      0.      0.      0.      0.      0.     30.     10.     0.     0.   0.00      0.     30.      0.      0.      2.      0.
 130     19.      0.     11.      0.     30.      0.   0.00   0.05   0.00   0.20      2.      0.      0.     12.      0.      0.     20.      0.     0.    80.   0.00     35.     30.      0.      0.      2.      0.
 133     19.      0.     11.      0.     30.      0.   0.00   0.05   0.00   0.18      6.      0.      0.     18.      0.      0.     18.     -2.     0.   114.   0.86     35.     30.      0.      0.      2.      0.
 140     14.      5.     11.      0.     30.     43.   0.06   0.04   0.00   0.19     18.      0.      0.     33.      0.      0.     26.     -1.     2.   182.   1.00     37.     28.      0.      0.      2.      0.
 150      8.     10.     11.      0.     30.     94.   0.14   0.02   0.00   0.16     32.      0.      0.     50.      0.      0.     22.     -5.     3.   269.   1.00     37.     28.      0.      0.      2.      0.
 160      6.     13.     12.      0.     31.    153.   0.22   0.02   0.03   0.20     47.      0.      1.     66.      0.      0.     40.      0.     4.   351.   1.00     42.     23.      0.      0.      2.      0.
 170      4.     15.     12.      0.     31.    264.   0.38   0.01   0.00   0.15     47.      0.      1.     79.      0.      0.     33.    -11.     5.   462.   1.00     42.     22.      0.      0.      2.      0.
 180      4.     17.     14.      0.     35.    392.   0.56   0.01   0.00   0.19     69.      0.      1.    100.      0.      0.     53.     -3.     6.   560.   1.00     46.     19.      0.      0.      2.      0.
 190      3.     19.     14.      0.     35.    562.   0.81   0.01   0.00   0.15     69.      0.      1.    110.      0.      0.     42.    -14.     6.   693.   1.00     46.     19.      0.      0.      2.      0.
 200      2.     20.     14.      0.     35.    698.   1.00   0.00   0.00   0.17     84.      0.      1.    119.      0.      0.     48.     -8.     7.   785.   1.00     46.     19.      0.      0.      2.      0.
 210      1.     21.     14.      0.     35.    798.   1.12   0.00   0.00   0.17     97.      0.      1.    133.      0.      0.     47.     -9.     7.   860.   1.00     46.     19.      0.      0.      2.      0.
 220      1.     21.     14.      0.     35.    882.   1.22   0.00   0.00   0.16    108.      0.      1.    145.      0.      0.     46.    -10.     7.   932.   1.00     46.     19.      0.      0.      2.      0.
 230      0.     21.     14.      0.     35.   1000.   1.36   0.00   0.00   0.15    108.      0.      1.    149.      0.      0.     42.    -14.     7.  1031.   1.00     46.     19.      0.      0.      2.      0.
 240      0.     21.     14.      0.     35.   1121.   1.50   0.00   0.00   0.15    111.      0.      1.    152.      0.      0.     42.    -14.     7.  1126.   1.00     46.     19.      0.      0.      2.      0.
 250      0.     21.     11.      0.     35.   1211.   1.60   0.00   0.60   0.21    139.      0.      1.    164.      0.      0.     58.      2.     7.  1185.   1.00     46.     19.      0.      0.      2.      0.
 260      0.     21.      9.      0.     35.   1279.   1.68   0.00   1.00   0.23    149.      0.      1.    177.      0.      0.     92.     12.     7.  1239.   1.00     46.     19.      0.      0.      2.      0.
 270      0.     21.      8.      0.     36.   1359.   1.77   0.00   1.00   0.24    155.      0.      1.    183.      0.      0.    127.     23.     7.  1287.   1.00     46.     19.      0.      0.      2.      0.
 280      0.     21.      6.      0.     36.   1447.   1.88   0.00   1.00   0.26    170.      0.      1.    192.      0.      0.    169.     41.     7.  1327.   1.00     46.     19.      0.      0.      2.      0.
 285      0.     21.      6.      0.     36.   1480.   1.91   0.00   1.00   0.27    178.      0.      1.    195.      0.      0.    188.     51.     7.  1337.   1.00     46.     19.      0.      0.      2.      0.
